Type,Local ID,Message,Field 0,Value 0,Units 0,Field 1,Value 1,Units 1,Field 2,Value 2,Units 2,Field 3,Value 3,Units 3,Field 4,Value 4,Units 4,Field 5,Value 5,Units 5,Field 6,Value 6,Units 6,Field 7,Value 7,Units 7,Field 8,Value 8,Units 8,Field 9,Value 9,Units 9,Field 10,Value 10,Units 10,Field 11,Value 11,Units 11
Definition,0,file_id,type,1,bytes,manufacturer,2,bytes,product,2,bytes,serial_number,4,bytes,time_created,4,bytes
Data,0,file_id,type,4,,manufacturer,255,,product,1,,serial_number,1,,time_created,1746354628000,ms
Definition,0,device_info,timestamp,4,bytes,device_index,1,bytes,manufacturer,2,bytes,serial_number,4,bytes,product,2,bytes,software_version,2,bytes,product_name,24,bytes
Data,0,device_info,timestamp,1746354628000,ms,device_index,0,,manufacturer,255,,serial_number,1,,product,1,,software_version,1.0,,product_name,Ties Huawei Strava Sync,
Definition,0,length,message_index,2,bytes,timestamp,4,bytes,event,1,bytes,event_type,1,bytes,start_time,4,bytes,total_elapsed_time,4,bytes,total_timer_time,4,bytes,total_strokes,2,bytes,avg_speed,2,bytes,swim_stroke,1,bytes,event_group,1,bytes,length_type,1,bytes
Data,0,length,message_index,0,,timestamp,1746354628000,ms,event,28,,event_type,1,,start_time,1746354628000,ms,total_elapsed_time,36.0,s,total_timer_time,36.0,s,total_strokes,11,strokes,avg_speed,0.694,m/s,swim_stroke,0,swim_stroke,event_group,255,,length_type,1,
Data,0,length,message_index,1,,timestamp,1746354628000,ms,event,28,,event_type,1,,start_time,1746354664000,ms,total_elapsed_time,24.0,s,total_timer_time,24.0,s,total_strokes,10,strokes,avg_speed,1.042,m/s,swim_stroke,0,swim_stroke,event_group,255,,length_type,1,
Data,0,length,message_index,2,,timestamp,1746354628000,ms,event,28,,event_type,1,,start_time,1746354688000,ms,total_elapsed_time,24.0,s,total_timer_time,24.0,s,total_strokes,10,strokes,avg_speed,1.042,m/s,swim_stroke,0,swim_stroke,event_group,255,,length_type,1,
Data,0,length,message_index,3,,timestamp,1746354628000,ms,event,28,,event_type,1,,start_time,1746354712000,ms,total_elapsed_time,93.0,s,total_timer_time,93.0,s,total_strokes,10,strokes,avg_speed,0.269,m/s,swim_stroke,0,swim_stroke,event_group,255,,length_type,1,
Data,0,length,message_index,4,,timestamp,1746354628000,ms,event,28,,event_type,1,,start_time,1746354805000,ms,total_elapsed_time,30.0,s,total_timer_time,30.0,s,total_strokes,13,strokes,avg_speed,0.833,m/s,swim_stroke,0,swim_stroke,event_group,255,,length_type,1,
Data,0,length,message_index,5,,timestamp,1746354628000,ms,event,28,,event_type,1,,start_time,1746354835000,ms,total_elapsed_time,25.0,s,total_timer_time,25.0,s,total_strokes,10,strokes,avg_speed,1.0,m/s,swim_stroke,0,swim_stroke,event_group,255,,length_type,1,
Data,0,length,message_index,6,,timestamp,1746354628000,ms,event,28,,event_type,1,,start_time,1746354860000,ms,total_elapsed_time,25.0,s,total_timer_time,25.0,s,total_strokes,11,strokes,avg_speed,1.0,m/s,swim_stroke,0,swim_stroke,event_group,255,,length_type,1,
Data,0,length,message_index,7,,timestamp,1746354628000,ms,event,28,,event_type,1,,start_time,1746354885000,ms,total_elapsed_time,104.0,s,total_timer_time,104.0,s,total_strokes,11,strokes,avg_speed,0.24,m/s,swim_stroke,0,swim_stroke,event_group,255,,length_type,1,
Data,0,length,message_index,8,,timestamp,1746354628000,ms,event,28,,event_type,1,,start_time,1746354989000,ms,total_elapsed_time,26.0,s,total_timer_time,26.0,s,total_strokes,12,strokes,avg_speed,0.962,m/s,swim_stroke,0,swim_stroke,event_group,255,,length_type,1,
Data,0,length,message_index,9,,timestamp,1746354628000,ms,event,28,,event_type,1,,start_time,1746355015000,ms,total_elapsed_time,22.0,s,total_timer_time,22.0,s,total_strokes,10,strokes,avg_speed,1.136,m/s,swim_stroke,0,swim_stroke,event_group,255,,length_type,1,
Data,0,length,message_index,10,,timestamp,1746354628000,ms,event,28,,event_type,1,,start_time,1746355037000,ms,total_elapsed_time,32.0,s,total_timer_time,32.0,s,total_strokes,10,strokes,avg_speed,0.781,m/s,swim_stroke,0,swim_stroke,event_group,255,,length_type,1,
Data,0,length,message_index,11,,timestamp,1746354628000,ms,event,28,,event_type,1,,start_time,1746355069000,ms,total_elapsed_time,102.0,s,total_timer_time,102.0,s,total_strokes,12,strokes,avg_speed,0.245,m/s,swim_stroke,0,swim_stroke,event_group,255,,length_type,1,
Data,0,length,message_index,12,,timestamp,1746354628000,ms,event,28,,event_type,1,,start_time,1746355171000,ms,total_elapsed_time,26.0,s,total_timer_time,26.0,s,total_strokes,11,strokes,avg_speed,0.962,m/s,swim_stroke,0,swim_stroke,event_group,255,,length_type,1,
Data,0,length,message_index,13,,timestamp,1746354628000,ms,event,28,,event_type,1,,start_time,1746355197000,ms,total_elapsed_time,27.0,s,total_timer_time,27.0,s,total_strokes,11,strokes,avg_speed,0.926,m/s,swim_stroke,0,swim_stroke,event_group,255,,length_type,1,
Data,0,length,message_index,14,,timestamp,1746354628000,ms,event,28,,event_type,1,,start_time,1746355224000,ms,total_elapsed_time,28.0,s,total_timer_time,28.0,s,total_strokes,11,strokes,avg_speed,0.893,m/s,swim_stroke,0,swim_stroke,event_group,255,,length_type,1,
Data,0,length,message_index,15,,timestamp,1746354628000,ms,event,28,,event_type,1,,start_time,1746355252000,ms,total_elapsed_time,99.0,s,total_timer_time,99.0,s,total_strokes,12,strokes,avg_speed,0.253,m/s,swim_stroke,0,swim_stroke,event_group,255,,length_type,1,
Data,0,length,message_index,16,,timestamp,1746354628000,ms,event,28,,event_type,1,,start_time,1746355351000,ms,total_elapsed_time,27.0,s,total_timer_time,27.0,s,total_strokes,11,strokes,avg_speed,0.926,m/s,swim_stroke,0,swim_stroke,event_group,255,,length_type,1,
Data,0,length,message_index,17,,timestamp,1746354628000,ms,event,28,,event_type,1,,start_time,1746355378000,ms,total_elapsed_time,25.0,s,total_timer_time,25.0,s,total_strokes,12,strokes,avg_speed,1.0,m/s,swim_stroke,0,swim_stroke,event_group,255,,length_type,1,
Data,0,length,message_index,18,,timestamp,1746354628000,ms,event,28,,event_type,1,,start_time,1746355403000,ms,total_elapsed_time,32.0,s,total_timer_time,32.0,s,total_strokes,14,strokes,avg_speed,0.781,m/s,swim_stroke,0,swim_stroke,event_group,255,,length_type,1,
Data,0,length,message_index,19,,timestamp,1746354628000,ms,event,28,,event_type,1,,start_time,1746355435000,ms,total_elapsed_time,93.0,s,total_timer_time,93.0,s,total_strokes,11,strokes,avg_speed,0.269,m/s,swim_stroke,0,swim_stroke,event_group,255,,length_type,1,
Data,0,length,message_index,20,,timestamp,1746354628000,ms,event,28,,event_type,1,,start_time,1746355528000,ms,total_elapsed_time,29.0,s,total_timer_time,29.0,s,total_strokes,13,strokes,avg_speed,0.862,m/s,swim_stroke,0,swim_stroke,event_group,255,,length_type,1,
Data,0,length,message_index,21,,timestamp,1746354628000,ms,event,28,,event_type,1,,start_time,1746355557000,ms,total_elapsed_time,25.0,s,total_timer_time,25.0,s,total_strokes,12,strokes,avg_speed,1.0,m/s,swim_stroke,0,swim_stroke,event_group,255,,length_type,1,
Data,0,length,message_index,22,,timestamp,1746354628000,ms,event,28,,event_type,1,,start_time,1746355582000,ms,total_elapsed_time,32.0,s,total_timer_time,32.0,s,total_strokes,12,strokes,avg_speed,0.781,m/s,swim_stroke,0,swim_stroke,event_group,255,,length_type,1,
Data,0,length,message_index,23,,timestamp,1746354628000,ms,event,28,,event_type,1,,start_time,1746355614000,ms,total_elapsed_time,93.0,s,total_timer_time,93.0,s,total_strokes,11,strokes,avg_speed,0.269,m/s,swim_stroke,0,swim_stroke,event_group,255,,length_type,1,
Data,0,length,message_index,24,,timestamp,1746354628000,ms,event,28,,event_type,1,,start_time,1746355707000,ms,total_elapsed_time,30.0,s,total_timer_time,30.0,s,total_strokes,13,strokes,avg_speed,0.833,m/s,swim_stroke,0,swim_stroke,event_group,255,,length_type,1,
Data,0,length,message_index,25,,timestamp,1746354628000,ms,event,28,,event_type,1,,start_time,1746355737000,ms,total_elapsed_time,23.0,s,total_timer_time,23.0,s,total_strokes,11,strokes,avg_speed,1.087,m/s,swim_stroke,0,swim_stroke,event_group,255,,length_type,1,
Data,0,length,message_index,26,,timestamp,1746354628000,ms,event,28,,event_type,1,,start_time,1746355760000,ms,total_elapsed_time,35.0,s,total_timer_time,35.0,s,total_strokes,13,strokes,avg_speed,0.714,m/s,swim_stroke,0,swim_stroke,event_group,255,,length_type,1,
Data,0,length,message_index,27,,timestamp,1746354628000,ms,event,28,,event_type,1,,start_time,1746355795000,ms,total_elapsed_time,96.0,s,total_timer_time,96.0,s,total_strokes,12,strokes,avg_speed,0.26,m/s,swim_stroke,0,swim_stroke,event_group,255,,length_type,1,
Data,0,length,message_index,28,,timestamp,1746354628000,ms,event,28,,event_type,1,,start_time,1746355891000,ms,total_elapsed_time,28.0,s,total_timer_time,28.0,s,total_strokes,11,strokes,avg_speed,0.893,m/s,swim_stroke,0,swim_stroke,event_group,255,,length_type,1,
Data,0,length,message_index,29,,timestamp,1746354628000,ms,event,28,,event_type,1,,start_time,1746355919000,ms,total_elapsed_time,28.0,s,total_timer_time,28.0,s,total_strokes,11,strokes,avg_speed,0.893,m/s,swim_stroke,0,swim_stroke,event_group,255,,length_type,1,
Data,0,length,message_index,30,,timestamp,1746354628000,ms,event,28,,event_type,1,,start_time,1746355947000,ms,total_elapsed_time,29.0,s,total_timer_time,29.0,s,total_strokes,12,strokes,avg_speed,0.862,m/s,swim_stroke,0,swim_stroke,event_group,255,,length_type,1,
Data,0,length,message_index,31,,timestamp,1746354628000,ms,event,28,,event_type,1,,start_time,1746355976000,ms,total_elapsed_time,90.0,s,total_timer_time,90.0,s,total_strokes,11,strokes,avg_speed,0.278,m/s,swim_stroke,0,swim_stroke,event_group,255,,length_type,1,
Data,0,length,message_index,32,,timestamp,1746354628000,ms,event,28,,event_type,1,,start_time,1746356066000,ms,total_elapsed_time,29.0,s,total_timer_time,29.0,s,total_strokes,13,strokes,avg_speed,0.862,m/s,swim_stroke,0,swim_stroke,event_group,255,,length_type,1,
Data,0,length,message_index,33,,timestamp,1746354628000,ms,event,28,,event_type,1,,start_time,1746356095000,ms,total_elapsed_time,23.0,s,total_timer_time,23.0,s,total_strokes,11,strokes,avg_speed,1.087,m/s,swim_stroke,0,swim_stroke,event_group,255,,length_type,1,
Data,0,length,message_index,34,,timestamp,1746354628000,ms,event,28,,event_type,1,,start_time,1746356118000,ms,total_elapsed_time,29.0,s,total_timer_time,29.0,s,total_strokes,12,strokes,avg_speed,0.862,m/s,swim_stroke,0,swim_stroke,event_group,255,,length_type,1,
Data,0,length,message_index,35,,timestamp,1746354628000,ms,event,28,,event_type,1,,start_time,1746356147000,ms,total_elapsed_time,102.0,s,total_timer_time,102.0,s,total_strokes,13,strokes,avg_speed,0.245,m/s,swim_stroke,0,swim_stroke,event_group,255,,length_type,1,
Data,0,length,message_index,36,,timestamp,1746354628000,ms,event,28,,event_type,1,,start_time,1746356249000,ms,total_elapsed_time,32.0,s,total_timer_time,32.0,s,total_strokes,13,strokes,avg_speed,0.781,m/s,swim_stroke,0,swim_stroke,event_group,255,,length_type,1,
Data,0,length,message_index,37,,timestamp,1746354628000,ms,event,28,,event_type,1,,start_time,1746356281000,ms,total_elapsed_time,27.0,s,total_timer_time,27.0,s,total_strokes,12,strokes,avg_speed,0.926,m/s,swim_stroke,0,swim_stroke,event_group,255,,length_type,1,
Data,0,length,message_index,38,,timestamp,1746354628000,ms,event,28,,event_type,1,,start_time,1746356308000,ms,total_elapsed_time,27.0,s,total_timer_time,27.0,s,total_strokes,12,strokes,avg_speed,0.926,m/s,swim_stroke,0,swim_stroke,event_group,255,,length_type,1,
Data,0,length,message_index,39,,timestamp,1746354628000,ms,event,28,,event_type,1,,start_time,1746356335000,ms,total_elapsed_time,94.0,s,total_timer_time,94.0,s,total_strokes,11,strokes,avg_speed,0.266,m/s,swim_stroke,0,swim_stroke,event_group,255,,length_type,1,
Data,0,length,message_index,40,,timestamp,1746354628000,ms,event,28,,event_type,1,,start_time,1746356429000,ms,total_elapsed_time,30.0,s,total_timer_time,30.0,s,total_strokes,13,strokes,avg_speed,0.833,m/s,swim_stroke,0,swim_stroke,event_group,255,,length_type,1,
Data,0,length,message_index,41,,timestamp,1746354628000,ms,event,28,,event_type,1,,start_time,1746356459000,ms,total_elapsed_time,28.0,s,total_timer_time,28.0,s,total_strokes,12,strokes,avg_speed,0.893,m/s,swim_stroke,0,swim_stroke,event_group,255,,length_type,1,
Data,0,length,message_index,42,,timestamp,1746354628000,ms,event,28,,event_type,1,,start_time,1746356487000,ms,total_elapsed_time,29.0,s,total_timer_time,29.0,s,total_strokes,12,strokes,avg_speed,0.862,m/s,swim_stroke,0,swim_stroke,event_group,255,,length_type,1,
Data,0,length,message_index,43,,timestamp,1746354628000,ms,event,28,,event_type,1,,start_time,1746356516000,ms,total_elapsed_time,93.0,s,total_timer_time,93.0,s,total_strokes,12,strokes,avg_speed,0.269,m/s,swim_stroke,0,swim_stroke,event_group,255,,length_type,1,
Data,0,length,message_index,44,,timestamp,1746354628000,ms,event,28,,event_type,1,,start_time,1746356609000,ms,total_elapsed_time,30.0,s,total_timer_time,30.0,s,total_strokes,13,strokes,avg_speed,0.833,m/s,swim_stroke,0,swim_stroke,event_group,255,,length_type,1,
Data,0,length,message_index,45,,timestamp,1746354628000,ms,event,28,,event_type,1,,start_time,1746356639000,ms,total_elapsed_time,27.0,s,total_timer_time,27.0,s,total_strokes,11,strokes,avg_speed,0.926,m/s,swim_stroke,0,swim_stroke,event_group,255,,length_type,1,
Data,0,length,message_index,46,,timestamp,1746354628000,ms,event,28,,event_type,1,,start_time,1746356666000,ms,total_elapsed_time,27.0,s,total_timer_time,27.0,s,total_strokes,12,strokes,avg_speed,0.926,m/s,swim_stroke,0,swim_stroke,event_group,255,,length_type,1,
Data,0,length,message_index,47,,timestamp,1746354628000,ms,event,28,,event_type,1,,start_time,1746356693000,ms,total_elapsed_time,97.0,s,total_timer_time,97.0,s,total_strokes,13,strokes,avg_speed,0.258,m/s,swim_stroke,0,swim_stroke,event_group,255,,length_type,1,
Data,0,length,message_index,48,,timestamp,1746354628000,ms,event,28,,event_type,1,,start_time,1746356790000,ms,total_elapsed_time,29.0,s,total_timer_time,29.0,s,total_strokes,12,strokes,avg_speed,0.862,m/s,swim_stroke,0,swim_stroke,event_group,255,,length_type,1,
Data,0,length,message_index,49,,timestamp,1746354628000,ms,event,28,,event_type,1,,start_time,1746356819000,ms,total_elapsed_time,27.0,s,total_timer_time,27.0,s,total_strokes,12,strokes,avg_speed,0.926,m/s,swim_stroke,0,swim_stroke,event_group,255,,length_type,1,
Data,0,length,message_index,50,,timestamp,1746354628000,ms,event,28,,event_type,1,,start_time,1746356846000,ms,total_elapsed_time,31.0,s,total_timer_time,31.0,s,total_strokes,13,strokes,avg_speed,0.806,m/s,swim_stroke,0,swim_stroke,event_group,255,,length_type,1,
Data,0,length,message_index,51,,timestamp,1746354628000,ms,event,28,,event_type,1,,start_time,1746356877000,ms,total_elapsed_time,93.0,s,total_timer_time,93.0,s,total_strokes,14,strokes,avg_speed,0.269,m/s,swim_stroke,0,swim_stroke,event_group,255,,length_type,1,
Data,0,length,message_index,52,,timestamp,1746354628000,ms,event,28,,event_type,1,,start_time,1746356970000,ms,total_elapsed_time,30.0,s,total_timer_time,30.0,s,total_strokes,12,strokes,avg_speed,0.833,m/s,swim_stroke,0,swim_stroke,event_group,255,,length_type,1,
Data,0,length,message_index,53,,timestamp,1746354628000,ms,event,28,,event_type,1,,start_time,1746357000000,ms,total_elapsed_time,26.0,s,total_timer_time,26.0,s,total_strokes,12,strokes,avg_speed,0.962,m/s,swim_stroke,0,swim_stroke,event_group,255,,length_type,1,
Data,0,length,message_index,54,,timestamp,1746354628000,ms,event,28,,event_type,1,,start_time,1746357026000,ms,total_elapsed_time,35.0,s,total_timer_time,35.0,s,total_strokes,13,strokes,avg_speed,0.714,m/s,swim_stroke,0,swim_stroke,event_group,255,,length_type,1,
Data,0,length,message_index,55,,timestamp,1746354628000,ms,event,28,,event_type,1,,start_time,1746357061000,ms,total_elapsed_time,88.0,s,total_timer_time,88.0,s,total_strokes,12,strokes,avg_speed,0.284,m/s,swim_stroke,0,swim_stroke,event_group,255,,length_type,1,
Data,0,length,message_index,56,,timestamp,1746354628000,ms,event,28,,event_type,1,,start_time,1746357149000,ms,total_elapsed_time,28.0,s,total_timer_time,28.0,s,total_strokes,13,strokes,avg_speed,0.893,m/s,swim_stroke,0,swim_stroke,event_group,255,,length_type,1,
Data,0,length,message_index,57,,timestamp,1746354628000,ms,event,28,,event_type,1,,start_time,1746357177000,ms,total_elapsed_time,29.0,s,total_timer_time,29.0,s,total_strokes,13,strokes,avg_speed,0.862,m/s,swim_stroke,0,swim_stroke,event_group,255,,length_type,1,
Data,0,length,message_index,58,,timestamp,1746354628000,ms,event,28,,event_type,1,,start_time,1746357206000,ms,total_elapsed_time,28.0,s,total_timer_time,28.0,s,total_strokes,12,strokes,avg_speed,0.893,m/s,swim_stroke,0,swim_stroke,event_group,255,,length_type,1,
Data,0,length,message_index,59,,timestamp,1746354628000,ms,event,28,,event_type,1,,start_time,1746357234000,ms,total_elapsed_time,25.0,s,total_timer_time,25.0,s,total_strokes,14,strokes,avg_speed,1.0,m/s,swim_stroke,0,swim_stroke,event_group,255,,length_type,1,
Data,0,length,message_index,60,,timestamp,1746354628000,ms,event,28,,event_type,1,,start_time,1746357259000,ms,total_elapsed_time,269.0,s,total_timer_time,269.0,s,total_strokes,13,strokes,avg_speed,0.093,m/s,swim_stroke,0,swim_stroke,event_group,255,,length_type,1,
Data,0,length,message_index,61,,timestamp,1746354628000,ms,event,28,,event_type,1,,start_time,1746357528000,ms,total_elapsed_time,29.0,s,total_timer_time,29.0,s,total_strokes,12,strokes,avg_speed,0.862,m/s,swim_stroke,0,swim_stroke,event_group,255,,length_type,1,
Data,0,length,message_index,62,,timestamp,1746354628000,ms,event,28,,event_type,1,,start_time,1746357557000,ms,total_elapsed_time,27.0,s,total_timer_time,27.0,s,total_strokes,12,strokes,avg_speed,0.926,m/s,swim_stroke,0,swim_stroke,event_group,255,,length_type,1,
Data,0,length,message_index,63,,timestamp,1746354628000,ms,event,28,,event_type,1,,start_time,1746357584000,ms,total_elapsed_time,26.0,s,total_timer_time,26.0,s,total_strokes,11,strokes,avg_speed,0.962,m/s,swim_stroke,0,swim_stroke,event_group,255,,length_type,1,
Data,0,length,message_index,64,,timestamp,1746354628000,ms,event,28,,event_type,1,,start_time,1746357610000,ms,total_elapsed_time,36.0,s,total_timer_time,36.0,s,total_strokes,13,strokes,avg_speed,0.694,m/s,swim_stroke,0,swim_stroke,event_group,255,,length_type,1,
Data,0,length,message_index,65,,timestamp,1746354628000,ms,event,28,,event_type,1,,start_time,1746357646000,ms,total_elapsed_time,33.0,s,total_timer_time,33.0,s,total_strokes,12,strokes,avg_speed,0.758,m/s,swim_stroke,0,swim_stroke,event_group,255,,length_type,1,
Data,0,length,message_index,66,,timestamp,1746354628000,ms,event,28,,event_type,1,,start_time,1746357679000,ms,total_elapsed_time,26.0,s,total_timer_time,26.0,s,total_strokes,13,strokes,avg_speed,0.962,m/s,swim_stroke,0,swim_stroke,event_group,255,,length_type,1,
Data,0,length,message_index,67,,timestamp,1746354628000,ms,event,28,,event_type,1,,start_time,1746357705000,ms,total_elapsed_time,30.0,s,total_timer_time,30.0,s,total_strokes,14,strokes,avg_speed,0.833,m/s,swim_stroke,0,swim_stroke,event_group,255,,length_type,1,
Data,0,length,message_index,68,,timestamp,1746354628000,ms,event,28,,event_type,1,,start_time,1746357735000,ms,total_elapsed_time,49.0,s,total_timer_time,49.0,s,total_strokes,11,strokes,avg_speed,0.51,m/s,swim_stroke,0,swim_stroke,event_group,255,,length_type,1,
Data,0,length,message_index,69,,timestamp,1746354628000,ms,event,28,,event_type,1,,start_time,1746357784000,ms,total_elapsed_time,29.0,s,total_timer_time,29.0,s,total_strokes,12,strokes,avg_speed,0.862,m/s,swim_stroke,0,swim_stroke,event_group,255,,length_type,1,
Data,0,length,message_index,70,,timestamp,1746354628000,ms,event,28,,event_type,1,,start_time,1746357813000,ms,total_elapsed_time,30.0,s,total_timer_time,30.0,s,total_strokes,13,strokes,avg_speed,0.833,m/s,swim_stroke,0,swim_stroke,event_group,255,,length_type,1,
Data,0,length,message_index,71,,timestamp,1746354628000,ms,event,28,,event_type,1,,start_time,1746357843000,ms,total_elapsed_time,23.0,s,total_timer_time,23.0,s,total_strokes,12,strokes,avg_speed,1.087,m/s,swim_stroke,0,swim_stroke,event_group,255,,length_type,1,
Data,0,length,message_index,72,,timestamp,1746354628000,ms,event,28,,event_type,1,,start_time,1746357866000,ms,total_elapsed_time,29.0,s,total_timer_time,29.0,s,total_strokes,12,strokes,avg_speed,0.862,m/s,swim_stroke,0,swim_stroke,event_group,255,,length_type,1,
Data,0,length,message_index,73,,timestamp,1746354628000,ms,event,28,,event_type,1,,start_time,1746357895000,ms,total_elapsed_time,35.0,s,total_timer_time,35.0,s,total_strokes,13,strokes,avg_speed,0.714,m/s,swim_stroke,0,swim_stroke,event_group,255,,length_type,1,
Data,0,length,message_index,74,,timestamp,1746354628000,ms,event,28,,event_type,1,,start_time,1746357930000,ms,total_elapsed_time,25.0,s,total_timer_time,25.0,s,total_strokes,12,strokes,avg_speed,1.0,m/s,swim_stroke,0,swim_stroke,event_group,255,,length_type,1,
Data,0,length,message_index,75,,timestamp,1746354628000,ms,event,28,,event_type,1,,start_time,1746357955000,ms,total_elapsed_time,215.0,s,total_timer_time,215.0,s,total_strokes,13,strokes,avg_speed,0.116,m/s,swim_stroke,0,swim_stroke,event_group,255,,length_type,1,
Data,0,length,message_index,76,,timestamp,1746354628000,ms,event,28,,event_type,1,,start_time,1746358170000,ms,total_elapsed_time,20.0,s,total_timer_time,20.0,s,total_strokes,11,strokes,avg_speed,1.25,m/s,swim_stroke,0,swim_stroke,event_group,255,,length_type,1,
Data,0,length,message_index,77,,timestamp,1746354628000,ms,event,28,,event_type,1,,start_time,1746358190000,ms,total_elapsed_time,30.0,s,total_timer_time,30.0,s,total_strokes,12,strokes,avg_speed,0.833,m/s,swim_stroke,0,swim_stroke,event_group,255,,length_type,1,
Data,0,length,message_index,78,,timestamp,1746354628000,ms,event,28,,event_type,1,,start_time,1746358220000,ms,total_elapsed_time,28.0,s,total_timer_time,28.0,s,total_strokes,12,strokes,avg_speed,0.893,m/s,swim_stroke,0,swim_stroke,event_group,255,,length_type,1,
Data,0,length,message_index,79,,timestamp,1746354628000,ms,event,28,,event_type,1,,start_time,1746358248000,ms,total_elapsed_time,37.0,s,total_timer_time,37.0,s,total_strokes,15,strokes,avg_speed,0.676,m/s,swim_stroke,0,swim_stroke,event_group,255,,length_type,1,
Definition,0,lap,timestamp,4,bytes,start_time,4,bytes,total_elapsed_time,4,bytes,total_timer_time,4,bytes,total_distance,4,bytes,num_lengths,2,bytes,swim_stroke,1,bytes
Data,0,lap,timestamp,1746354628000,ms,start_time,1746354712000,ms,total_elapsed_time,177.0,s,total_timer_time,177.0,s,total_distance,100.0,m,num_lengths,4,lengths,swim_stroke,0,
Data,0,lap,timestamp,1746354628000,ms,start_time,1746354885000,ms,total_elapsed_time,184.0,s,total_timer_time,184.0,s,total_distance,100.0,m,num_lengths,4,lengths,swim_stroke,0,
Data,0,lap,timestamp,1746354628000,ms,start_time,1746355069000,ms,total_elapsed_time,182.0,s,total_timer_time,182.0,s,total_distance,100.0,m,num_lengths,4,lengths,swim_stroke,0,
Data,0,lap,timestamp,1746354628000,ms,start_time,1746355252000,ms,total_elapsed_time,180.0,s,total_timer_time,180.0,s,total_distance,100.0,m,num_lengths,4,lengths,swim_stroke,0,
Data,0,lap,timestamp,1746354628000,ms,start_time,1746355435000,ms,total_elapsed_time,177.0,s,total_timer_time,177.0,s,total_distance,100.0,m,num_lengths,4,lengths,swim_stroke,0,
Data,0,lap,timestamp,1746354628000,ms,start_time,1746355614000,ms,total_elapsed_time,179.0,s,total_timer_time,179.0,s,total_distance,100.0,m,num_lengths,4,lengths,swim_stroke,0,
Data,0,lap,timestamp,1746354628000,ms,start_time,1746355795000,ms,total_elapsed_time,184.0,s,total_timer_time,184.0,s,total_distance,100.0,m,num_lengths,4,lengths,swim_stroke,0,
Data,0,lap,timestamp,1746354628000,ms,start_time,1746355976000,ms,total_elapsed_time,175.0,s,total_timer_time,175.0,s,total_distance,100.0,m,num_lengths,4,lengths,swim_stroke,0,
Data,0,lap,timestamp,1746354628000,ms,start_time,1746356147000,ms,total_elapsed_time,183.0,s,total_timer_time,183.0,s,total_distance,100.0,m,num_lengths,4,lengths,swim_stroke,0,
Data,0,lap,timestamp,1746354628000,ms,start_time,1746356335000,ms,total_elapsed_time,180.0,s,total_timer_time,180.0,s,total_distance,100.0,m,num_lengths,4,lengths,swim_stroke,0,
Data,0,lap,timestamp,1746354628000,ms,start_time,1746356516000,ms,total_elapsed_time,180.0,s,total_timer_time,180.0,s,total_distance,100.0,m,num_lengths,4,lengths,swim_stroke,0,
Data,0,lap,timestamp,1746354628000,ms,start_time,1746356693000,ms,total_elapsed_time,181.0,s,total_timer_time,181.0,s,total_distance,100.0,m,num_lengths,4,lengths,swim_stroke,0,
Data,0,lap,timestamp,1746354628000,ms,start_time,1746356877000,ms,total_elapsed_time,180.0,s,total_timer_time,180.0,s,total_distance,100.0,m,num_lengths,4,lengths,swim_stroke,0,
Data,0,lap,timestamp,1746354628000,ms,start_time,1746357061000,ms,total_elapsed_time,179.0,s,total_timer_time,179.0,s,total_distance,100.0,m,num_lengths,4,lengths,swim_stroke,0,
Data,0,lap,timestamp,1746354628000,ms,start_time,1746357234000,ms,total_elapsed_time,110.0,s,total_timer_time,110.0,s,total_distance,100.0,m,num_lengths,4,lengths,swim_stroke,0,
Data,0,lap,timestamp,1746354628000,ms,start_time,1746357584000,ms,total_elapsed_time,351.0,s,total_timer_time,351.0,s,total_distance,100.0,m,num_lengths,4,lengths,swim_stroke,0,
Data,0,lap,timestamp,1746354628000,ms,start_time,1746357705000,ms,total_elapsed_time,125.0,s,total_timer_time,125.0,s,total_distance,100.0,m,num_lengths,4,lengths,swim_stroke,0,
Data,0,lap,timestamp,1746354628000,ms,start_time,1746357843000,ms,total_elapsed_time,131.0,s,total_timer_time,131.0,s,total_distance,100.0,m,num_lengths,4,lengths,swim_stroke,0,
Data,0,lap,timestamp,1746354628000,ms,start_time,1746357955000,ms,total_elapsed_time,304.0,s,total_timer_time,304.0,s,total_distance,100.0,m,num_lengths,4,lengths,swim_stroke,0,
Data,0,lap,timestamp,1746354628000,ms,start_time,1746358248000,ms,total_elapsed_time,115.0,s,total_timer_time,115.0,s,total_distance,100.0,m,num_lengths,4,lengths,swim_stroke,0,
Definition,0,record,timestamp,4,bytes,heart_rate,1,bytes,calories,2,bytes
Data,0,record,timestamp,1746354669000,ms,heart_rate,75,bpm,calories,5,kcal
Data,0,record,timestamp,1746354674000,ms,heart_rate,71,bpm,calories,5,kcal
Data,0,record,timestamp,1746354679000,ms,heart_rate,74,bpm,calories,6,kcal
Data,0,record,timestamp,1746354684000,ms,heart_rate,91,bpm,calories,7,kcal
Data,0,record,timestamp,1746354689000,ms,heart_rate,96,bpm,calories,7,kcal
Data,0,record,timestamp,1746354694000,ms,heart_rate,103,bpm,calories,8,kcal
Data,0,record,timestamp,1746354699000,ms,heart_rate,108,bpm,calories,9,kcal
Data,0,record,timestamp,1746354704000,ms,heart_rate,112,bpm,calories,9,kcal
Data,0,record,timestamp,1746354709000,ms,heart_rate,111,bpm,calories,10,kcal
Data,0,record,timestamp,1746354714000,ms,heart_rate,116,bpm,calories,11,kcal
Data,0,record,timestamp,1746354719000,ms,heart_rate,121,bpm,calories,11,kcal
Data,0,record,timestamp,1746354724000,ms,heart_rate,126,bpm,calories,12,kcal
Data,0,record,timestamp,1746354729000,ms,heart_rate,124,bpm,calories,12,kcal
Data,0,record,timestamp,1746354734000,ms,heart_rate,126,bpm,calories,13,kcal
Data,0,record,timestamp,1746354739000,ms,heart_rate,127,bpm,calories,14,kcal
Data,0,record,timestamp,1746354744000,ms,heart_rate,129,bpm,calories,14,kcal
Data,0,record,timestamp,1746354749000,ms,heart_rate,130,bpm,calories,15,kcal
Data,0,record,timestamp,1746354754000,ms,heart_rate,133,bpm,calories,16,kcal
Data,0,record,timestamp,1746354759000,ms,heart_rate,135,bpm,calories,16,kcal
Data,0,record,timestamp,1746354764000,ms,heart_rate,134,bpm,calories,17,kcal
Data,0,record,timestamp,1746354769000,ms,heart_rate,138,bpm,calories,18,kcal
Data,0,record,timestamp,1746354774000,ms,heart_rate,139,bpm,calories,18,kcal
Data,0,record,timestamp,1746354779000,ms,heart_rate,132,bpm,calories,19,kcal
Data,0,record,timestamp,1746354784000,ms,heart_rate,127,bpm,calories,19,kcal
Data,0,record,timestamp,1746354789000,ms,heart_rate,124,bpm,calories,20,kcal
Data,0,record,timestamp,1746354794000,ms,heart_rate,120,bpm,calories,21,kcal
Data,0,record,timestamp,1746354799000,ms,heart_rate,106,bpm,calories,21,kcal
Data,0,record,timestamp,1746354804000,ms,heart_rate,96,bpm,calories,22,kcal
Data,0,record,timestamp,1746354809000,ms,heart_rate,94,bpm,calories,23,kcal
Data,0,record,timestamp,1746354814000,ms,heart_rate,89,bpm,calories,23,kcal
Data,0,record,timestamp,1746354819000,ms,heart_rate,84,bpm,calories,24,kcal
Data,0,record,timestamp,1746354824000,ms,heart_rate,79,bpm,calories,25,kcal
Data,0,record,timestamp,1746354829000,ms,heart_rate,83,bpm,calories,25,kcal
Data,0,record,timestamp,1746354834000,ms,heart_rate,73,bpm,calories,26,kcal
Data,0,record,timestamp,1746354839000,ms,heart_rate,70,bpm,calories,27,kcal
Data,0,record,timestamp,1746354844000,ms,heart_rate,72,bpm,calories,27,kcal
Data,0,record,timestamp,1746354849000,ms,heart_rate,75,bpm,calories,28,kcal
Data,0,record,timestamp,1746354854000,ms,heart_rate,82,bpm,calories,28,kcal
Data,0,record,timestamp,1746354859000,ms,heart_rate,93,bpm,calories,29,kcal
Data,0,record,timestamp,1746354864000,ms,heart_rate,103,bpm,calories,30,kcal
Data,0,record,timestamp,1746354869000,ms,heart_rate,113,bpm,calories,30,kcal
Data,0,record,timestamp,1746354874000,ms,heart_rate,118,bpm,calories,31,kcal
Data,0,record,timestamp,1746354879000,ms,heart_rate,122,bpm,calories,32,kcal
Data,0,record,timestamp,1746354884000,ms,heart_rate,130,bpm,calories,32,kcal
Data,0,record,timestamp,1746354889000,ms,heart_rate,138,bpm,calories,33,kcal
Data,0,record,timestamp,1746354894000,ms,heart_rate,136,bpm,calories,34,kcal
Data,0,record,timestamp,1746354899000,ms,heart_rate,139,bpm,calories,34,kcal
Data,0,record,timestamp,1746354904000,ms,heart_rate,141,bpm,calories,35,kcal
Data,0,record,timestamp,1746354910000,ms,heart_rate,144,bpm,calories,36,kcal
Data,0,record,timestamp,1746354915000,ms,heart_rate,144,bpm,calories,36,kcal
Data,0,record,timestamp,1746354920000,ms,heart_rate,144,bpm,calories,37,kcal
Data,0,record,timestamp,1746354925000,ms,heart_rate,142,bpm,calories,38,kcal
Data,0,record,timestamp,1746354930000,ms,heart_rate,142,bpm,calories,38,kcal
Data,0,record,timestamp,1746354935000,ms,heart_rate,140,bpm,calories,39,kcal
Data,0,record,timestamp,1746354940000,ms,heart_rate,141,bpm,calories,39,kcal
Data,0,record,timestamp,1746354945000,ms,heart_rate,142,bpm,calories,40,kcal
Data,0,record,timestamp,1746354950000,ms,heart_rate,143,bpm,calories,41,kcal
Data,0,record,timestamp,1746354955000,ms,heart_rate,141,bpm,calories,41,kcal
Data,0,record,timestamp,1746354960000,ms,heart_rate,135,bpm,calories,42,kcal
Data,0,record,timestamp,1746354965000,ms,heart_rate,132,bpm,calories,43,kcal
Data,0,record,timestamp,1746354970000,ms,heart_rate,130,bpm,calories,43,kcal
Data,0,record,timestamp,1746354975000,ms,heart_rate,122,bpm,calories,44,kcal
Data,0,record,timestamp,1746354980000,ms,heart_rate,111,bpm,calories,45,kcal
Data,0,record,timestamp,1746354985000,ms,heart_rate,98,bpm,calories,45,kcal
Data,0,record,timestamp,1746354990000,ms,heart_rate,96,bpm,calories,46,kcal
Data,0,record,timestamp,1746354995000,ms,heart_rate,91,bpm,calories,46,kcal
Data,0,record,timestamp,1746355000000,ms,heart_rate,90,bpm,calories,47,kcal
Data,0,record,timestamp,1746355005000,ms,heart_rate,84,bpm,calories,48,kcal
Data,0,record,timestamp,1746355010000,ms,heart_rate,82,bpm,calories,48,kcal
Data,0,record,timestamp,1746355015000,ms,heart_rate,90,bpm,calories,49,kcal
Data,0,record,timestamp,1746355020000,ms,heart_rate,95,bpm,calories,50,kcal
Data,0,record,timestamp,1746355025000,ms,heart_rate,101,bpm,calories,50,kcal
Data,0,record,timestamp,1746355030000,ms,heart_rate,108,bpm,calories,51,kcal
Data,0,record,timestamp,1746355035000,ms,heart_rate,115,bpm,calories,52,kcal
Data,0,record,timestamp,1746355040000,ms,heart_rate,123,bpm,calories,52,kcal
Data,0,record,timestamp,1746355045000,ms,heart_rate,128,bpm,calories,53,kcal
Data,0,record,timestamp,1746355050000,ms,heart_rate,131,bpm,calories,54,kcal
Data,0,record,timestamp,1746355055000,ms,heart_rate,133,bpm,calories,54,kcal
Data,0,record,timestamp,1746355060000,ms,heart_rate,137,bpm,calories,55,kcal
Data,0,record,timestamp,1746355065000,ms,heart_rate,146,bpm,calories,55,kcal
Data,0,record,timestamp,1746355070000,ms,heart_rate,150,bpm,calories,56,kcal
Data,0,record,timestamp,1746355075000,ms,heart_rate,151,bpm,calories,57,kcal
Data,0,record,timestamp,1746355080000,ms,heart_rate,151,bpm,calories,57,kcal
Data,0,record,timestamp,1746355085000,ms,heart_rate,151,bpm,calories,58,kcal
Data,0,record,timestamp,1746355090000,ms,heart_rate,152,bpm,calories,59,kcal
Data,0,record,timestamp,1746355095000,ms,heart_rate,155,bpm,calories,59,kcal
Data,0,record,timestamp,1746355100000,ms,heart_rate,154,bpm,calories,60,kcal
Data,0,record,timestamp,1746355105000,ms,heart_rate,154,bpm,calories,61,kcal
Data,0,record,timestamp,1746355110000,ms,heart_rate,153,bpm,calories,61,kcal
Data,0,record,timestamp,1746355115000,ms,heart_rate,156,bpm,calories,62,kcal
Data,0,record,timestamp,1746355120000,ms,heart_rate,157,bpm,calories,62,kcal
Data,0,record,timestamp,1746355125000,ms,heart_rate,155,bpm,calories,63,kcal
Data,0,record,timestamp,1746355130000,ms,heart_rate,155,bpm,calories,64,kcal
Data,0,record,timestamp,1746355135000,ms,heart_rate,155,bpm,calories,64,kcal
Data,0,record,timestamp,1746355140000,ms,heart_rate,138,bpm,calories,65,kcal
Data,0,record,timestamp,1746355145000,ms,heart_rate,137,bpm,calories,66,kcal
Data,0,record,timestamp,1746355236000,ms,heart_rate,129,bpm,calories,77,kcal
Data,0,record,timestamp,1746355241000,ms,heart_rate,127,bpm,calories,78,kcal
Data,0,record,timestamp,1746355246000,ms,heart_rate,121,bpm,calories,79,kcal
Data,0,record,timestamp,1746355251000,ms,heart_rate,116,bpm,calories,79,kcal
Data,0,record,timestamp,1746355256000,ms,heart_rate,116,bpm,calories,80,kcal
Data,0,record,timestamp,1746355261000,ms,heart_rate,105,bpm,calories,81,kcal
Data,0,record,timestamp,1746355266000,ms,heart_rate,105,bpm,calories,81,kcal
Data,0,record,timestamp,1746355271000,ms,heart_rate,102,bpm,calories,82,kcal
Data,0,record,timestamp,1746355276000,ms,heart_rate,95,bpm,calories,82,kcal
Data,0,record,timestamp,1746355281000,ms,heart_rate,95,bpm,calories,83,kcal
Data,0,record,timestamp,1746355286000,ms,heart_rate,93,bpm,calories,84,kcal
Data,0,record,timestamp,1746355291000,ms,heart_rate,100,bpm,calories,84,kcal
Data,0,record,timestamp,1746355296000,ms,heart_rate,114,bpm,calories,85,kcal
Data,0,record,timestamp,1746355301000,ms,heart_rate,124,bpm,calories,86,kcal
Data,0,record,timestamp,1746355306000,ms,heart_rate,127,bpm,calories,86,kcal
Data,0,record,timestamp,1746355311000,ms,heart_rate,133,bpm,calories,87,kcal
Data,0,record,timestamp,1746355316000,ms,heart_rate,136,bpm,calories,88,kcal
Data,0,record,timestamp,1746355321000,ms,heart_rate,140,bpm,calories,88,kcal
Data,0,record,timestamp,1746355326000,ms,heart_rate,143,bpm,calories,89,kcal
Data,0,record,timestamp,1746355331000,ms,heart_rate,141,bpm,calories,89,kcal
Data,0,record,timestamp,1746355336000,ms,heart_rate,144,bpm,calories,90,kcal
Data,0,record,timestamp,1746355341000,ms,heart_rate,146,bpm,calories,91,kcal
Data,0,record,timestamp,1746355346000,ms,heart_rate,148,bpm,calories,91,kcal
Data,0,record,timestamp,1746355351000,ms,heart_rate,149,bpm,calories,92,kcal
Data,0,record,timestamp,1746355356000,ms,heart_rate,150,bpm,calories,93,kcal
Data,0,record,timestamp,1746355361000,ms,heart_rate,150,bpm,calories,93,kcal
Data,0,record,timestamp,1746355366000,ms,heart_rate,151,bpm,calories,94,kcal
Data,0,record,timestamp,1746355371000,ms,heart_rate,151,bpm,calories,95,kcal
Data,0,record,timestamp,1746355376000,ms,heart_rate,152,bpm,calories,95,kcal
Data,0,record,timestamp,1746355381000,ms,heart_rate,153,bpm,calories,96,kcal
Data,0,record,timestamp,1746355386000,ms,heart_rate,150,bpm,calories,97,kcal
Data,0,record,timestamp,1746355391000,ms,heart_rate,151,bpm,calories,97,kcal
Data,0,record,timestamp,1746355396000,ms,heart_rate,153,bpm,calories,98,kcal
Data,0,record,timestamp,1746355401000,ms,heart_rate,153,bpm,calories,98,kcal
Data,0,record,timestamp,1746355406000,ms,heart_rate,152,bpm,calories,99,kcal
Data,0,record,timestamp,1746355411000,ms,heart_rate,151,bpm,calories,100,kcal
Data,0,record,timestamp,1746355413000,ms,heart_rate,106,bpm,calories,100,kcal
Data,0,record,timestamp,1746355416000,ms,heart_rate,133,bpm,calories,100,kcal
Data,0,record,timestamp,1746355418000,ms,heart_rate,117,bpm,calories,101,kcal
Data,0,record,timestamp,1746355421000,ms,heart_rate,129,bpm,calories,101,kcal
Data,0,record,timestamp,1746355423000,ms,heart_rate,125,bpm,calories,101,kcal
Data,0,record,timestamp,1746355426000,ms,heart_rate,125,bpm,calories,102,kcal
Data,0,record,timestamp,1746355428000,ms,heart_rate,133,bpm,calories,102,kcal
Data,0,record,timestamp,1746355431000,ms,heart_rate,120,bpm,calories,102,kcal
Data,0,record,timestamp,1746355433000,ms,heart_rate,141,bpm,calories,103,kcal
Data,0,record,timestamp,1746355436000,ms,heart_rate,116,bpm,calories,103,kcal
Data,0,record,timestamp,1746355438000,ms,heart_rate,144,bpm,calories,103,kcal
Data,0,record,timestamp,1746355441000,ms,heart_rate,116,bpm,calories,104,kcal
Data,0,record,timestamp,1746355443000,ms,heart_rate,145,bpm,calories,104,kcal
Data,0,record,timestamp,1746355446000,ms,heart_rate,110,bpm,calories,104,kcal
Data,0,record,timestamp,1746355448000,ms,heart_rate,143,bpm,calories,104,kcal
Data,0,record,timestamp,1746355451000,ms,heart_rate,104,bpm,calories,105,kcal
Data,0,record,timestamp,1746355453000,ms,heart_rate,145,bpm,calories,105,kcal
Data,0,record,timestamp,1746355456000,ms,heart_rate,107,bpm,calories,105,kcal
Data,0,record,timestamp,1746355458000,ms,heart_rate,146,bpm,calories,106,kcal
Data,0,record,timestamp,1746355461000,ms,heart_rate,94,bpm,calories,106,kcal
Data,0,record,timestamp,1746355463000,ms,heart_rate,146,bpm,calories,106,kcal
Data,0,record,timestamp,1746355466000,ms,heart_rate,85,bpm,calories,107,kcal
Data,0,record,timestamp,1746355468000,ms,heart_rate,147,bpm,calories,107,kcal
Data,0,record,timestamp,1746355471000,ms,heart_rate,92,bpm,calories,107,kcal
Data,0,record,timestamp,1746355473000,ms,heart_rate,147,bpm,calories,108,kcal
Data,0,record,timestamp,1746355478000,ms,heart_rate,146,bpm,calories,108,kcal
Data,0,record,timestamp,1746355483000,ms,heart_rate,146,bpm,calories,109,kcal
Data,0,record,timestamp,1746355488000,ms,heart_rate,148,bpm,calories,110,kcal
Data,0,record,timestamp,1746355493000,ms,heart_rate,150,bpm,calories,110,kcal
Data,0,record,timestamp,1746355498000,ms,heart_rate,150,bpm,calories,111,kcal
Data,0,record,timestamp,1746355503000,ms,heart_rate,152,bpm,calories,111,kcal
Data,0,record,timestamp,1746355508000,ms,heart_rate,155,bpm,calories,112,kcal
Data,0,record,timestamp,1746355513000,ms,heart_rate,155,bpm,calories,113,kcal
Data,0,record,timestamp,1746355518000,ms,heart_rate,156,bpm,calories,113,kcal
Data,0,record,timestamp,1746355523000,ms,heart_rate,157,bpm,calories,114,kcal
Data,0,record,timestamp,1746355528000,ms,heart_rate,155,bpm,calories,115,kcal
Data,0,record,timestamp,1746355533000,ms,heart_rate,153,bpm,calories,115,kcal
Data,0,record,timestamp,1746355538000,ms,heart_rate,135,bpm,calories,116,kcal
Data,0,record,timestamp,1746355543000,ms,heart_rate,127,bpm,calories,117,kcal
Data,0,record,timestamp,1746355548000,ms,heart_rate,120,bpm,calories,117,kcal
Data,0,record,timestamp,1746355553000,ms,heart_rate,116,bpm,calories,118,kcal
Data,0,record,timestamp,1746355558000,ms,heart_rate,111,bpm,calories,119,kcal
Data,0,record,timestamp,1746355563000,ms,heart_rate,113,bpm,calories,119,kcal
Data,0,record,timestamp,1746355568000,ms,heart_rate,108,bpm,calories,120,kcal
Data,0,record,timestamp,1746355573000,ms,heart_rate,103,bpm,calories,120,kcal
Data,0,record,timestamp,1746355578000,ms,heart_rate,100,bpm,calories,121,kcal
Data,0,record,timestamp,1746355583000,ms,heart_rate,100,bpm,calories,122,kcal
Data,0,record,timestamp,1746355588000,ms,heart_rate,109,bpm,calories,122,kcal
Data,0,record,timestamp,1746355593000,ms,heart_rate,114,bpm,calories,123,kcal
Data,0,record,timestamp,1746355598000,ms,heart_rate,126,bpm,calories,124,kcal
Data,0,record,timestamp,1746355603000,ms,heart_rate,129,bpm,calories,124,kcal
Data,0,record,timestamp,1746355608000,ms,heart_rate,134,bpm,calories,125,kcal
Data,0,record,timestamp,1746355613000,ms,heart_rate,142,bpm,calories,126,kcal
Data,0,record,timestamp,1746355618000,ms,heart_rate,145,bpm,calories,126,kcal
Data,0,record,timestamp,1746355623000,ms,heart_rate,145,bpm,calories,127,kcal
Data,0,record,timestamp,1746355628000,ms,heart_rate,145,bpm,calories,127,kcal
Data,0,record,timestamp,1746355633000,ms,heart_rate,147,bpm,calories,128,kcal
Data,0,record,timestamp,1746355638000,ms,heart_rate,146,bpm,calories,129,kcal
Data,0,record,timestamp,1746355643000,ms,heart_rate,147,bpm,calories,129,kcal
Data,0,record,timestamp,1746355648000,ms,heart_rate,147,bpm,calories,130,kcal
Data,0,record,timestamp,1746355732000,ms,heart_rate,147,bpm,calories,141,kcal
Data,0,record,timestamp,1746355737000,ms,heart_rate,146,bpm,calories,141,kcal
Data,0,record,timestamp,1746355742000,ms,heart_rate,149,bpm,calories,142,kcal
Data,0,record,timestamp,1746355747000,ms,heart_rate,150,bpm,calories,143,kcal
Data,0,record,timestamp,1746355752000,ms,heart_rate,153,bpm,calories,143,kcal
Data,0,record,timestamp,1746355757000,ms,heart_rate,151,bpm,calories,144,kcal
Data,0,record,timestamp,1746355762000,ms,heart_rate,149,bpm,calories,145,kcal
Data,0,record,timestamp,1746355767000,ms,heart_rate,148,bpm,calories,145,kcal
Data,0,record,timestamp,1746355772000,ms,heart_rate,148,bpm,calories,146,kcal
Data,0,record,timestamp,1746355777000,ms,heart_rate,150,bpm,calories,147,kcal
Data,0,record,timestamp,1746355782000,ms,heart_rate,154,bpm,calories,147,kcal
Data,0,record,timestamp,1746355787000,ms,heart_rate,151,bpm,calories,148,kcal
Data,0,record,timestamp,1746355792000,ms,heart_rate,142,bpm,calories,148,kcal
Data,0,record,timestamp,1746355797000,ms,heart_rate,131,bpm,calories,149,kcal
Data,0,record,timestamp,1746355802000,ms,heart_rate,128,bpm,calories,150,kcal
Data,0,record,timestamp,1746355807000,ms,heart_rate,123,bpm,calories,150,kcal
Data,0,record,timestamp,1746355812000,ms,heart_rate,120,bpm,calories,151,kcal
Data,0,record,timestamp,1746355817000,ms,heart_rate,108,bpm,calories,152,kcal
Data,0,record,timestamp,1746355822000,ms,heart_rate,107,bpm,calories,152,kcal
Data,0,record,timestamp,1746355827000,ms,heart_rate,105,bpm,calories,153,kcal
Data,0,record,timestamp,1746355832000,ms,heart_rate,107,bpm,calories,154,kcal
Data,0,record,timestamp,1746355837000,ms,heart_rate,102,bpm,calories,154,kcal
Data,0,record,timestamp,1746355842000,ms,heart_rate,103,bpm,calories,155,kcal
Data,0,record,timestamp,1746355847000,ms,heart_rate,100,bpm,calories,156,kcal
Data,0,record,timestamp,1746355852000,ms,heart_rate,104,bpm,calories,156,kcal
Data,0,record,timestamp,1746355857000,ms,heart_rate,113,bpm,calories,157,kcal
Data,0,record,timestamp,1746355862000,ms,heart_rate,127,bpm,calories,157,kcal
Data,0,record,timestamp,1746355867000,ms,heart_rate,129,bpm,calories,158,kcal
Data,0,record,timestamp,1746355872000,ms,heart_rate,133,bpm,calories,159,kcal
Data,0,record,timestamp,1746355877000,ms,heart_rate,138,bpm,calories,159,kcal
Data,0,record,timestamp,1746355882000,ms,heart_rate,141,bpm,calories,160,kcal
Data,0,record,timestamp,1746355887000,ms,heart_rate,140,bpm,calories,161,kcal
Data,0,record,timestamp,1746355892000,ms,heart_rate,142,bpm,calories,161,kcal
Data,0,record,timestamp,1746355897000,ms,heart_rate,144,bpm,calories,162,kcal
Data,0,record,timestamp,1746355902000,ms,heart_rate,145,bpm,calories,163,kcal
Data,0,record,timestamp,1746355907000,ms,heart_rate,146,bpm,calories,163,kcal
Data,0,record,timestamp,1746355912000,ms,heart_rate,147,bpm,calories,164,kcal
Data,0,record,timestamp,1746355917000,ms,heart_rate,148,bpm,calories,164,kcal
Data,0,record,timestamp,1746355922000,ms,heart_rate,147,bpm,calories,165,kcal
Data,0,record,timestamp,1746355927000,ms,heart_rate,148,bpm,calories,166,kcal
Data,0,record,timestamp,1746355932000,ms,heart_rate,144,bpm,calories,166,kcal
Data,0,record,timestamp,1746355937000,ms,heart_rate,145,bpm,calories,167,kcal
Data,0,record,timestamp,1746355942000,ms,heart_rate,147,bpm,calories,168,kcal
Data,0,record,timestamp,1746355947000,ms,heart_rate,149,bpm,calories,168,kcal
Data,0,record,timestamp,1746355952000,ms,heart_rate,149,bpm,calories,169,kcal
Data,0,record,timestamp,1746355957000,ms,heart_rate,149,bpm,calories,170,kcal
Data,0,record,timestamp,1746355962000,ms,heart_rate,150,bpm,calories,170,kcal
Data,0,record,timestamp,1746355967000,ms,heart_rate,149,bpm,calories,171,kcal
Data,0,record,timestamp,1746355981000,ms,heart_rate,146,bpm,calories,173,kcal
Data,0,record,timestamp,1746355986000,ms,heart_rate,134,bpm,calories,173,kcal
Data,0,record,timestamp,1746355991000,ms,heart_rate,127,bpm,calories,174,kcal
Data,0,record,timestamp,1746355996000,ms,heart_rate,122,bpm,calories,175,kcal
Data,0,record,timestamp,1746356001000,ms,heart_rate,117,bpm,calories,175,kcal
Data,0,record,timestamp,1746356006000,ms,heart_rate,116,bpm,calories,176,kcal
Data,0,record,timestamp,1746356011000,ms,heart_rate,121,bpm,calories,176,kcal
Data,0,record,timestamp,1746356016000,ms,heart_rate,117,bpm,calories,177,kcal
Data,0,record,timestamp,1746356021000,ms,heart_rate,116,bpm,calories,178,kcal
Data,0,record,timestamp,1746356026000,ms,heart_rate,115,bpm,calories,178,kcal
Data,0,record,timestamp,1746356031000,ms,heart_rate,113,bpm,calories,179,kcal
Data,0,record,timestamp,1746356036000,ms,heart_rate,109,bpm,calories,180,kcal
Data,0,record,timestamp,1746356041000,ms,heart_rate,111,bpm,calories,180,kcal
Data,0,record,timestamp,1746356046000,ms,heart_rate,121,bpm,calories,181,kcal
Data,0,record,timestamp,1746356051000,ms,heart_rate,126,bpm,calories,182,kcal
Data,0,record,timestamp,1746356056000,ms,heart_rate,128,bpm,calories,182,kcal
Data,0,record,timestamp,1746356061000,ms,heart_rate,134,bpm,calories,183,kcal
Data,0,record,timestamp,1746356066000,ms,heart_rate,138,bpm,calories,184,kcal
Data,0,record,timestamp,1746356071000,ms,heart_rate,138,bpm,calories,184,kcal
Data,0,record,timestamp,1746356076000,ms,heart_rate,138,bpm,calories,185,kcal
Data,0,record,timestamp,1746356081000,ms,heart_rate,138,bpm,calories,185,kcal
Data,0,record,timestamp,1746356086000,ms,heart_rate,140,bpm,calories,186,kcal
Data,0,record,timestamp,1746356091000,ms,heart_rate,141,bpm,calories,187,kcal
Data,0,record,timestamp,1746356096000,ms,heart_rate,142,bpm,calories,187,kcal
Data,0,record,timestamp,1746356101000,ms,heart_rate,143,bpm,calories,188,kcal
Data,0,record,timestamp,1746356106000,ms,heart_rate,146,bpm,calories,189,kcal
Data,0,record,timestamp,1746356111000,ms,heart_rate,146,bpm,calories,189,kcal
Data,0,record,timestamp,1746356116000,ms,heart_rate,148,bpm,calories,190,kcal
Data,0,record,timestamp,1746356121000,ms,heart_rate,148,bpm,calories,191,kcal
Data,0,record,timestamp,1746356126000,ms,heart_rate,148,bpm,calories,191,kcal
Data,0,record,timestamp,1746356131000,ms,heart_rate,148,bpm,calories,192,kcal
Data,0,record,timestamp,1746356136000,ms,heart_rate,149,bpm,calories,192,kcal
Data,0,record,timestamp,1746356141000,ms,heart_rate,147,bpm,calories,193,kcal
Data,0,record,timestamp,1746356146000,ms,heart_rate,149,bpm,calories,194,kcal
Data,0,record,timestamp,1746356151000,ms,heart_rate,150,bpm,calories,194,kcal
Data,0,record,timestamp,1746356156000,ms,heart_rate,148,bpm,calories,195,kcal
Data,0,record,timestamp,1746356161000,ms,heart_rate,138,bpm,calories,196,kcal
Data,0,record,timestamp,1746356166000,ms,heart_rate,130,bpm,calories,196,kcal
Data,0,record,timestamp,1746356171000,ms,heart_rate,127,bpm,calories,197,kcal
Data,0,record,timestamp,1746356172000,ms,heart_rate,116,bpm,calories,197,kcal
Data,0,record,timestamp,1746356176000,ms,heart_rate,122,bpm,calories,198,kcal
Data,0,record,timestamp,1746356177000,ms,heart_rate,123,bpm,calories,198,kcal
Data,0,record,timestamp,1746356181000,ms,heart_rate,113,bpm,calories,198,kcal
Data,0,record,timestamp,1746356182000,ms,heart_rate,129,bpm,calories,198,kcal
Data,0,record,timestamp,1746356186000,ms,heart_rate,111,bpm,calories,199,kcal
Data,0,record,timestamp,1746356187000,ms,heart_rate,132,bpm,calories,199,kcal
Data,0,record,timestamp,1746356191000,ms,heart_rate,105,bpm,calories,200,kcal
Data,0,record,timestamp,1746356192000,ms,heart_rate,136,bpm,calories,200,kcal
Data,0,record,timestamp,1746356196000,ms,heart_rate,90,bpm,calories,200,kcal
Data,0,record,timestamp,1746356197000,ms,heart_rate,138,bpm,calories,200,kcal
Data,0,record,timestamp,1746356201000,ms,heart_rate,75,bpm,calories,201,kcal
Data,0,record,timestamp,1746356202000,ms,heart_rate,143,bpm,calories,201,kcal
Data,0,record,timestamp,1746356206000,ms,heart_rate,86,bpm,calories,201,kcal
Data,0,record,timestamp,1746356207000,ms,heart_rate,146,bpm,calories,202,kcal
Data,0,record,timestamp,1746356211000,ms,heart_rate,95,bpm,calories,202,kcal
Data,0,record,timestamp,1746356212000,ms,heart_rate,145,bpm,calories,202,kcal
Data,0,record,timestamp,1746356216000,ms,heart_rate,100,bpm,calories,203,kcal
Data,0,record,timestamp,1746356217000,ms,heart_rate,147,bpm,calories,203,kcal
Data,0,record,timestamp,1746356222000,ms,heart_rate,149,bpm,calories,203,kcal
Data,0,record,timestamp,1746356227000,ms,heart_rate,149,bpm,calories,204,kcal
Data,0,record,timestamp,1746356232000,ms,heart_rate,150,bpm,calories,205,kcal
Data,0,record,timestamp,1746356237000,ms,heart_rate,150,bpm,calories,205,kcal
Data,0,record,timestamp,1746356242000,ms,heart_rate,151,bpm,calories,206,kcal
Data,0,record,timestamp,1746356247000,ms,heart_rate,150,bpm,calories,207,kcal
Data,0,record,timestamp,1746356252000,ms,heart_rate,152,bpm,calories,207,kcal
Data,0,record,timestamp,1746356257000,ms,heart_rate,152,bpm,calories,208,kcal
Data,0,record,timestamp,1746356262000,ms,heart_rate,151,bpm,calories,209,kcal
Data,0,record,timestamp,1746356267000,ms,heart_rate,148,bpm,calories,209,kcal
Data,0,record,timestamp,1746356272000,ms,heart_rate,147,bpm,calories,210,kcal
Data,0,record,timestamp,1746356277000,ms,heart_rate,146,bpm,calories,211,kcal
Data,0,record,timestamp,1746356282000,ms,heart_rate,145,bpm,calories,211,kcal
Data,0,record,timestamp,1746356287000,ms,heart_rate,129,bpm,calories,212,kcal
Data,0,record,timestamp,1746356292000,ms,heart_rate,129,bpm,calories,212,kcal
Data,0,record,timestamp,1746356297000,ms,heart_rate,126,bpm,calories,213,kcal
Data,0,record,timestamp,1746356302000,ms,heart_rate,120,bpm,calories,214,kcal
Data,0,record,timestamp,1746356307000,ms,heart_rate,102,bpm,calories,214,kcal
Data,0,record,timestamp,1746356312000,ms,heart_rate,97,bpm,calories,215,kcal
Data,0,record,timestamp,1746356317000,ms,heart_rate,100,bpm,calories,216,kcal
Data,0,record,timestamp,1746356322000,ms,heart_rate,100,bpm,calories,216,kcal
Data,0,record,timestamp,1746356327000,ms,heart_rate,99,bpm,calories,217,kcal
Data,0,record,timestamp,1746356332000,ms,heart_rate,96,bpm,calories,218,kcal
Data,0,record,timestamp,1746356337000,ms,heart_rate,94,bpm,calories,218,kcal
Data,0,record,timestamp,1746356342000,ms,heart_rate,99,bpm,calories,219,kcal
Data,0,record,timestamp,1746356347000,ms,heart_rate,106,bpm,calories,219,kcal
Data,0,record,timestamp,1746356352000,ms,heart_rate,114,bpm,calories,220,kcal
Data,0,record,timestamp,1746356357000,ms,heart_rate,128,bpm,calories,221,kcal
Data,0,record,timestamp,1746356362000,ms,heart_rate,130,bpm,calories,221,kcal
Data,0,record,timestamp,1746356367000,ms,heart_rate,134,bpm,calories,222,kcal
Data,0,record,timestamp,1746356372000,ms,heart_rate,139,bpm,calories,223,kcal
Data,0,record,timestamp,1746356377000,ms,heart_rate,141,bpm,calories,223,kcal
Data,0,record,timestamp,1746356382000,ms,heart_rate,139,bpm,calories,224,kcal
Data,0,record,timestamp,1746356387000,ms,heart_rate,141,bpm,calories,225,kcal
Data,0,record,timestamp,1746356392000,ms,heart_rate,145,bpm,calories,225,kcal
Data,0,record,timestamp,1746356397000,ms,heart_rate,148,bpm,calories,226,kcal
Data,0,record,timestamp,1746356402000,ms,heart_rate,146,bpm,calories,227,kcal
Data,0,record,timestamp,1746356407000,ms,heart_rate,148,bpm,calories,227,kcal
Data,0,record,timestamp,1746356489000,ms,heart_rate,146,bpm,calories,238,kcal
Data,0,record,timestamp,1746356494000,ms,heart_rate,150,bpm,calories,238,kcal
Data,0,record,timestamp,1746356499000,ms,heart_rate,151,bpm,calories,239,kcal
Data,0,record,timestamp,1746356504000,ms,heart_rate,152,bpm,calories,240,kcal
Data,0,record,timestamp,1746356509000,ms,heart_rate,155,bpm,calories,240,kcal
Data,0,record,timestamp,1746356514000,ms,heart_rate,151,bpm,calories,241,kcal
Data,0,record,timestamp,1746356519000,ms,heart_rate,149,bpm,calories,242,kcal
Data,0,record,timestamp,1746356524000,ms,heart_rate,148,bpm,calories,242,kcal
Data,0,record,timestamp,1746356529000,ms,heart_rate,148,bpm,calories,243,kcal
Data,0,record,timestamp,1746356534000,ms,heart_rate,148,bpm,calories,243,kcal
Data,0,record,timestamp,1746356539000,ms,heart_rate,151,bpm,calories,244,kcal
Data,0,record,timestamp,1746356544000,ms,heart_rate,146,bpm,calories,245,kcal
Data,0,record,timestamp,1746356549000,ms,heart_rate,138,bpm,calories,245,kcal
Data,0,record,timestamp,1746356554000,ms,heart_rate,135,bpm,calories,246,kcal
Data,0,record,timestamp,1746356559000,ms,heart_rate,127,bpm,calories,247,kcal
Data,0,record,timestamp,1746356564000,ms,heart_rate,124,bpm,calories,247,kcal
Data,0,record,timestamp,1746356569000,ms,heart_rate,125,bpm,calories,248,kcal
Data,0,record,timestamp,1746356574000,ms,heart_rate,118,bpm,calories,249,kcal
Data,0,record,timestamp,1746356579000,ms,heart_rate,100,bpm,calories,249,kcal
Data,0,record,timestamp,1746356584000,ms,heart_rate,102,bpm,calories,250,kcal
Data,0,record,timestamp,1746356589000,ms,heart_rate,115,bpm,calories,250,kcal
Data,0,record,timestamp,1746356594000,ms,heart_rate,112,bpm,calories,251,kcal
Data,0,record,timestamp,1746356599000,ms,heart_rate,107,bpm,calories,252,kcal
Data,0,record,timestamp,1746356604000,ms,heart_rate,106,bpm,calories,252,kcal
Data,0,record,timestamp,1746356609000,ms,heart_rate,113,bpm,calories,253,kcal
Data,0,record,timestamp,1746356614000,ms,heart_rate,121,bpm,calories,254,kcal
Data,0,record,timestamp,1746356619000,ms,heart_rate,128,bpm,calories,254,kcal
Data,0,record,timestamp,1746356624000,ms,heart_rate,132,bpm,calories,255,kcal
Data,0,record,timestamp,1746356629000,ms,heart_rate,140,bpm,calories,256,kcal
Data,0,record,timestamp,1746356634000,ms,heart_rate,140,bpm,calories,256,kcal
Data,0,record,timestamp,1746356639000,ms,heart_rate,138,bpm,calories,257,kcal
Data,0,record,timestamp,1746356644000,ms,heart_rate,143,bpm,calories,258,kcal
Data,0,record,timestamp,1746356649000,ms,heart_rate,143,bpm,calories,258,kcal
Data,0,record,timestamp,1746356654000,ms,heart_rate,144,bpm,calories,259,kcal
Data,0,record,timestamp,1746356659000,ms,heart_rate,143,bpm,calories,259,kcal
Data,0,record,timestamp,1746356664000,ms,heart_rate,145,bpm,calories,260,kcal
Data,0,record,timestamp,1746356669000,ms,heart_rate,143,bpm,calories,261,kcal
Data,0,record,timestamp,1746356674000,ms,heart_rate,142,bpm,calories,261,kcal
Data,0,record,timestamp,1746356676000,ms,heart_rate,129,bpm,calories,262,kcal
Data,0,record,timestamp,1746356679000,ms,heart_rate,144,bpm,calories,262,kcal
Data,0,record,timestamp,1746356681000,ms,heart_rate,127,bpm,calories,262,kcal
Data,0,record,timestamp,1746356684000,ms,heart_rate,144,bpm,calories,263,kcal
Data,0,record,timestamp,1746356686000,ms,heart_rate,127,bpm,calories,263,kcal
Data,0,record,timestamp,1746356689000,ms,heart_rate,146,bpm,calories,263,kcal
Data,0,record,timestamp,1746356691000,ms,heart_rate,122,bpm,calories,264,kcal
Data,0,record,timestamp,1746356694000,ms,heart_rate,148,bpm,calories,264,kcal
Data,0,record,timestamp,1746356696000,ms,heart_rate,100,bpm,calories,264,kcal
Data,0,record,timestamp,1746356699000,ms,heart_rate,147,bpm,calories,265,kcal
Data,0,record,timestamp,1746356701000,ms,heart_rate,92,bpm,calories,265,kcal
Data,0,record,timestamp,1746356704000,ms,heart_rate,146,bpm,calories,265,kcal
Data,0,record,timestamp,1746356706000,ms,heart_rate,91,bpm,calories,265,kcal
Data,0,record,timestamp,1746356709000,ms,heart_rate,148,bpm,calories,266,kcal
Data,0,record,timestamp,1746356711000,ms,heart_rate,85,bpm,calories,266,kcal
Data,0,record,timestamp,1746356714000,ms,heart_rate,149,bpm,calories,266,kcal
Data,0,record,timestamp,1746356716000,ms,heart_rate,87,bpm,calories,267,kcal
Data,0,record,timestamp,1746356719000,ms,heart_rate,150,bpm,calories,267,kcal
Data,0,record,timestamp,1746356721000,ms,heart_rate,113,bpm,calories,267,kcal
Data,0,record,timestamp,1746356724000,ms,heart_rate,148,bpm,calories,268,kcal
Data,0,record,timestamp,1746356726000,ms,heart_rate,116,bpm,calories,268,kcal
Data,0,record,timestamp,1746356731000,ms,heart_rate,114,bpm,calories,269,kcal
Data,0,record,timestamp,1746356736000,ms,heart_rate,114,bpm,calories,269,kcal
Data,0,record,timestamp,1746356741000,ms,heart_rate,120,bpm,calories,270,kcal
Data,0,record,timestamp,1746356746000,ms,heart_rate,127,bpm,calories,271,kcal
Data,0,record,timestamp,1746356751000,ms,heart_rate,131,bpm,calories,271,kcal
Data,0,record,timestamp,1746356756000,ms,heart_rate,140,bpm,calories,272,kcal
Data,0,record,timestamp,1746356761000,ms,heart_rate,141,bpm,calories,272,kcal
Data,0,record,timestamp,1746356766000,ms,heart_rate,143,bpm,calories,273,kcal
Data,0,record,timestamp,1746356771000,ms,heart_rate,143,bpm,calories,274,kcal
Data,0,record,timestamp,1746356776000,ms,heart_rate,142,bpm,calories,274,kcal
Data,0,record,timestamp,1746356781000,ms,heart_rate,144,bpm,calories,275,kcal
Data,0,record,timestamp,1746356786000,ms,heart_rate,145,bpm,calories,276,kcal
Data,0,record,timestamp,1746356791000,ms,heart_rate,145,bpm,calories,276,kcal
Data,0,record,timestamp,1746356796000,ms,heart_rate,146,bpm,calories,277,kcal
Data,0,record,timestamp,1746356801000,ms,heart_rate,149,bpm,calories,278,kcal
Data,0,record,timestamp,1746356806000,ms,heart_rate,148,bpm,calories,278,kcal
Data,0,record,timestamp,1746356811000,ms,heart_rate,147,bpm,calories,279,kcal
Data,0,record,timestamp,1746356816000,ms,heart_rate,148,bpm,calories,280,kcal
Data,0,record,timestamp,1746356821000,ms,heart_rate,150,bpm,calories,280,kcal
Data,0,record,timestamp,1746356826000,ms,heart_rate,151,bpm,calories,281,kcal
Data,0,record,timestamp,1746356831000,ms,heart_rate,151,bpm,calories,281,kcal
Data,0,record,timestamp,1746356836000,ms,heart_rate,150,bpm,calories,282,kcal
Data,0,record,timestamp,1746356841000,ms,heart_rate,150,bpm,calories,283,kcal
Data,0,record,timestamp,1746356846000,ms,heart_rate,149,bpm,calories,283,kcal
Data,0,record,timestamp,1746356851000,ms,heart_rate,147,bpm,calories,284,kcal
Data,0,record,timestamp,1746356856000,ms,heart_rate,136,bpm,calories,285,kcal
Data,0,record,timestamp,1746356861000,ms,heart_rate,135,bpm,calories,285,kcal
Data,0,record,timestamp,1746356866000,ms,heart_rate,132,bpm,calories,286,kcal
Data,0,record,timestamp,1746356871000,ms,heart_rate,129,bpm,calories,287,kcal
Data,0,record,timestamp,1746356876000,ms,heart_rate,118,bpm,calories,287,kcal
Data,0,record,timestamp,1746356881000,ms,heart_rate,110,bpm,calories,288,kcal
Data,0,record,timestamp,1746356886000,ms,heart_rate,100,bpm,calories,288,kcal
Data,0,record,timestamp,1746356891000,ms,heart_rate,98,bpm,calories,289,kcal
Data,0,record,timestamp,1746356896000,ms,heart_rate,102,bpm,calories,290,kcal
Data,0,record,timestamp,1746356901000,ms,heart_rate,104,bpm,calories,290,kcal
Data,0,record,timestamp,1746356906000,ms,heart_rate,109,bpm,calories,291,kcal
Data,0,record,timestamp,1746356911000,ms,heart_rate,103,bpm,calories,292,kcal
Data,0,record,timestamp,1746356995000,ms,heart_rate,107,bpm,calories,302,kcal
Data,0,record,timestamp,1746357000000,ms,heart_rate,113,bpm,calories,303,kcal
Data,0,record,timestamp,1746357005000,ms,heart_rate,125,bpm,calories,304,kcal
Data,0,record,timestamp,1746357010000,ms,heart_rate,128,bpm,calories,304,kcal
Data,0,record,timestamp,1746357015000,ms,heart_rate,139,bpm,calories,305,kcal
Data,0,record,timestamp,1746357020000,ms,heart_rate,141,bpm,calories,306,kcal
Data,0,record,timestamp,1746357025000,ms,heart_rate,145,bpm,calories,306,kcal
Data,0,record,timestamp,1746357030000,ms,heart_rate,146,bpm,calories,307,kcal
Data,0,record,timestamp,1746357035000,ms,heart_rate,148,bpm,calories,308,kcal
Data,0,record,timestamp,1746357040000,ms,heart_rate,149,bpm,calories,308,kcal
Data,0,record,timestamp,1746357045000,ms,heart_rate,149,bpm,calories,309,kcal
Data,0,record,timestamp,1746357050000,ms,heart_rate,149,bpm,calories,309,kcal
Data,0,record,timestamp,1746357055000,ms,heart_rate,148,bpm,calories,310,kcal
Data,0,record,timestamp,1746357060000,ms,heart_rate,148,bpm,calories,311,kcal
Data,0,record,timestamp,1746357065000,ms,heart_rate,147,bpm,calories,311,kcal
Data,0,record,timestamp,1746357070000,ms,heart_rate,147,bpm,calories,312,kcal
Data,0,record,timestamp,1746357075000,ms,heart_rate,148,bpm,calories,313,kcal
Data,0,record,timestamp,1746357080000,ms,heart_rate,148,bpm,calories,313,kcal
Data,0,record,timestamp,1746357085000,ms,heart_rate,147,bpm,calories,314,kcal
Data,0,record,timestamp,1746357090000,ms,heart_rate,147,bpm,calories,315,kcal
Data,0,record,timestamp,1746357095000,ms,heart_rate,149,bpm,calories,315,kcal
Data,0,record,timestamp,1746357100000,ms,heart_rate,148,bpm,calories,316,kcal
Data,0,record,timestamp,1746357105000,ms,heart_rate,149,bpm,calories,316,kcal
Data,0,record,timestamp,1746357110000,ms,heart_rate,148,bpm,calories,317,kcal
Data,0,record,timestamp,1746357115000,ms,heart_rate,146,bpm,calories,318,kcal
Data,0,record,timestamp,1746357120000,ms,heart_rate,134,bpm,calories,318,kcal
Data,0,record,timestamp,1746357125000,ms,heart_rate,140,bpm,calories,319,kcal
Data,0,record,timestamp,1746357130000,ms,heart_rate,141,bpm,calories,320,kcal
Data,0,record,timestamp,1746357135000,ms,heart_rate,127,bpm,calories,320,kcal
Data,0,record,timestamp,1746357140000,ms,heart_rate,120,bpm,calories,321,kcal
Data,0,record,timestamp,1746357145000,ms,heart_rate,113,bpm,calories,322,kcal
Data,0,record,timestamp,1746357150000,ms,heart_rate,107,bpm,calories,322,kcal
Data,0,record,timestamp,1746357155000,ms,heart_rate,104,bpm,calories,323,kcal
Data,0,record,timestamp,1746357160000,ms,heart_rate,105,bpm,calories,324,kcal
Data,0,record,timestamp,1746357165000,ms,heart_rate,107,bpm,calories,324,kcal
Data,0,record,timestamp,1746357170000,ms,heart_rate,104,bpm,calories,325,kcal
Data,0,record,timestamp,1746357175000,ms,heart_rate,108,bpm,calories,325,kcal
Data,0,record,timestamp,1746357180000,ms,heart_rate,111,bpm,calories,326,kcal
Data,0,record,timestamp,1746357185000,ms,heart_rate,119,bpm,calories,327,kcal
Data,0,record,timestamp,1746357190000,ms,heart_rate,126,bpm,calories,327,kcal
Data,0,record,timestamp,1746357195000,ms,heart_rate,134,bpm,calories,328,kcal
Data,0,record,timestamp,1746357200000,ms,heart_rate,138,bpm,calories,329,kcal
Data,0,record,timestamp,1746357205000,ms,heart_rate,138,bpm,calories,329,kcal
Data,0,record,timestamp,1746357210000,ms,heart_rate,139,bpm,calories,330,kcal
Data,0,record,timestamp,1746357215000,ms,heart_rate,140,bpm,calories,331,kcal
Data,0,record,timestamp,1746357220000,ms,heart_rate,141,bpm,calories,331,kcal
Data,0,record,timestamp,1746357225000,ms,heart_rate,142,bpm,calories,332,kcal
Data,0,record,timestamp,1746357230000,ms,heart_rate,144,bpm,calories,332,kcal
Data,0,record,timestamp,1746357234000,ms,heart_rate,145,bpm,calories,333,kcal
Data,0,record,timestamp,1746357239000,ms,heart_rate,146,bpm,calories,334,kcal
Data,0,record,timestamp,1746357244000,ms,heart_rate,145,bpm,calories,334,kcal
Data,0,record,timestamp,1746357249000,ms,heart_rate,144,bpm,calories,335,kcal
Data,0,record,timestamp,1746357254000,ms,heart_rate,145,bpm,calories,336,kcal
Data,0,record,timestamp,1746357259000,ms,heart_rate,144,bpm,calories,336,kcal
Data,0,record,timestamp,1746357264000,ms,heart_rate,145,bpm,calories,337,kcal
Data,0,record,timestamp,1746357269000,ms,heart_rate,146,bpm,calories,337,kcal
Data,0,record,timestamp,1746357274000,ms,heart_rate,147,bpm,calories,338,kcal
Data,0,record,timestamp,1746357279000,ms,heart_rate,146,bpm,calories,339,kcal
Data,0,record,timestamp,1746357284000,ms,heart_rate,145,bpm,calories,339,kcal
Data,0,record,timestamp,1746357289000,ms,heart_rate,146,bpm,calories,340,kcal
Data,0,record,timestamp,1746357294000,ms,heart_rate,141,bpm,calories,341,kcal
Data,0,record,timestamp,1746357299000,ms,heart_rate,127,bpm,calories,341,kcal
Data,0,record,timestamp,1746357304000,ms,heart_rate,126,bpm,calories,342,kcal
Data,0,record,timestamp,1746357309000,ms,heart_rate,127,bpm,calories,343,kcal
Data,0,record,timestamp,1746357314000,ms,heart_rate,127,bpm,calories,343,kcal
Data,0,record,timestamp,1746357319000,ms,heart_rate,120,bpm,calories,344,kcal
Data,0,record,timestamp,1746357324000,ms,heart_rate,117,bpm,calories,345,kcal
Data,0,record,timestamp,1746357329000,ms,heart_rate,113,bpm,calories,345,kcal
Data,0,record,timestamp,1746357334000,ms,heart_rate,115,bpm,calories,346,kcal
Data,0,record,timestamp,1746357339000,ms,heart_rate,110,bpm,calories,346,kcal
Data,0,record,timestamp,1746357344000,ms,heart_rate,107,bpm,calories,347,kcal
Data,0,record,timestamp,1746357349000,ms,heart_rate,104,bpm,calories,348,kcal
Data,0,record,timestamp,1746357354000,ms,heart_rate,108,bpm,calories,348,kcal
Data,0,record,timestamp,1746357359000,ms,heart_rate,115,bpm,calories,349,kcal
Data,0,record,timestamp,1746357364000,ms,heart_rate,122,bpm,calories,350,kcal
Data,0,record,timestamp,1746357369000,ms,heart_rate,128,bpm,calories,350,kcal
Data,0,record,timestamp,1746357374000,ms,heart_rate,135,bpm,calories,351,kcal
Data,0,record,timestamp,1746357379000,ms,heart_rate,141,bpm,calories,352,kcal
Data,0,record,timestamp,1746357384000,ms,heart_rate,144,bpm,calories,352,kcal
Data,0,record,timestamp,1746357389000,ms,heart_rate,147,bpm,calories,353,kcal
Data,0,record,timestamp,1746357394000,ms,heart_rate,148,bpm,calories,353,kcal
Data,0,record,timestamp,1746357399000,ms,heart_rate,151,bpm,calories,354,kcal
Data,0,record,timestamp,1746357404000,ms,heart_rate,149,bpm,calories,355,kcal
Data,0,record,timestamp,1746357409000,ms,heart_rate,149,bpm,calories,355,kcal
Data,0,record,timestamp,1746357414000,ms,heart_rate,152,bpm,calories,356,kcal
Data,0,record,timestamp,1746357419000,ms,heart_rate,153,bpm,calories,357,kcal
Data,0,record,timestamp,1746357424000,ms,heart_rate,155,bpm,calories,357,kcal
Data,0,record,timestamp,1746357429000,ms,heart_rate,155,bpm,calories,358,kcal
Data,0,record,timestamp,1746357434000,ms,heart_rate,155,bpm,calories,359,kcal
Data,0,record,timestamp,1746357439000,ms,heart_rate,154,bpm,calories,359,kcal
Data,0,record,timestamp,1746357444000,ms,heart_rate,154,bpm,calories,360,kcal
Data,0,record,timestamp,1746357449000,ms,heart_rate,154,bpm,calories,361,kcal
Data,0,record,timestamp,1746357454000,ms,heart_rate,157,bpm,calories,361,kcal
Data,0,record,timestamp,1746357459000,ms,heart_rate,158,bpm,calories,362,kcal
Data,0,record,timestamp,1746357464000,ms,heart_rate,153,bpm,calories,362,kcal
Data,0,record,timestamp,1746357469000,ms,heart_rate,146,bpm,calories,363,kcal
Data,0,record,timestamp,1746357668000,ms,heart_rate,135,bpm,calories,389,kcal
Data,0,record,timestamp,1746357673000,ms,heart_rate,136,bpm,calories,389,kcal
Data,0,record,timestamp,1746357678000,ms,heart_rate,130,bpm,calories,390,kcal
Data,0,record,timestamp,1746357683000,ms,heart_rate,120,bpm,calories,390,kcal
Data,0,record,timestamp,1746357684000,ms,heart_rate,95,bpm,calories,391,kcal
Data,0,record,timestamp,1746357688000,ms,heart_rate,115,bpm,calories,391,kcal
Data,0,record,timestamp,1746357689000,ms,heart_rate,101,bpm,calories,391,kcal
Data,0,record,timestamp,1746357693000,ms,heart_rate,112,bpm,calories,392,kcal
Data,0,record,timestamp,1746357694000,ms,heart_rate,104,bpm,calories,392,kcal
Data,0,record,timestamp,1746357698000,ms,heart_rate,110,bpm,calories,392,kcal
Data,0,record,timestamp,1746357699000,ms,heart_rate,107,bpm,calories,393,kcal
Data,0,record,timestamp,1746357703000,ms,heart_rate,98,bpm,calories,393,kcal
Data,0,record,timestamp,1746357704000,ms,heart_rate,115,bpm,calories,393,kcal
Data,0,record,timestamp,1746357708000,ms,heart_rate,99,bpm,calories,394,kcal
Data,0,record,timestamp,1746357709000,ms,heart_rate,118,bpm,calories,394,kcal
Data,0,record,timestamp,1746357713000,ms,heart_rate,94,bpm,calories,394,kcal
Data,0,record,timestamp,1746357714000,ms,heart_rate,121,bpm,calories,394,kcal
Data,0,record,timestamp,1746357718000,ms,heart_rate,92,bpm,calories,395,kcal
Data,0,record,timestamp,1746357719000,ms,heart_rate,123,bpm,calories,395,kcal
Data,0,record,timestamp,1746357723000,ms,heart_rate,102,bpm,calories,396,kcal
Data,0,record,timestamp,1746357724000,ms,heart_rate,122,bpm,calories,396,kcal
Data,0,record,timestamp,1746357728000,ms,heart_rate,105,bpm,calories,396,kcal
Data,0,record,timestamp,1746357729000,ms,heart_rate,123,bpm,calories,396,kcal
Data,0,record,timestamp,1746357733000,ms,heart_rate,107,bpm,calories,397,kcal
Data,0,record,timestamp,1746357734000,ms,heart_rate,121,bpm,calories,397,kcal
Data,0,record,timestamp,1746357738000,ms,heart_rate,108,bpm,calories,398,kcal
Data,0,record,timestamp,1746357739000,ms,heart_rate,122,bpm,calories,398,kcal
Data,0,record,timestamp,1746357743000,ms,heart_rate,106,bpm,calories,398,kcal
Data,0,record,timestamp,1746357744000,ms,heart_rate,124,bpm,calories,398,kcal
Data,0,record,timestamp,1746357748000,ms,heart_rate,106,bpm,calories,399,kcal
Data,0,record,timestamp,1746357749000,ms,heart_rate,126,bpm,calories,399,kcal
Data,0,record,timestamp,1746357753000,ms,heart_rate,105,bpm,calories,399,kcal
Data,0,record,timestamp,1746357754000,ms,heart_rate,127,bpm,calories,400,kcal
Data,0,record,timestamp,1746357758000,ms,heart_rate,102,bpm,calories,400,kcal
Data,0,record,timestamp,1746357759000,ms,heart_rate,128,bpm,calories,400,kcal
Data,0,record,timestamp,1746357763000,ms,heart_rate,98,bpm,calories,401,kcal
Data,0,record,timestamp,1746357764000,ms,heart_rate,128,bpm,calories,401,kcal
Data,0,record,timestamp,1746357768000,ms,heart_rate,95,bpm,calories,401,kcal
Data,0,record,timestamp,1746357769000,ms,heart_rate,128,bpm,calories,401,kcal
Data,0,record,timestamp,1746357773000,ms,heart_rate,106,bpm,calories,402,kcal
Data,0,record,timestamp,1746357774000,ms,heart_rate,129,bpm,calories,402,kcal
Data,0,record,timestamp,1746357778000,ms,heart_rate,88,bpm,calories,403,kcal
Data,0,record,timestamp,1746357779000,ms,heart_rate,131,bpm,calories,403,kcal
Data,0,record,timestamp,1746357783000,ms,heart_rate,99,bpm,calories,403,kcal
Data,0,record,timestamp,1746357784000,ms,heart_rate,131,bpm,calories,403,kcal
Data,0,record,timestamp,1746357788000,ms,heart_rate,98,bpm,calories,404,kcal
Data,0,record,timestamp,1746357789000,ms,heart_rate,90,bpm,calories,404,kcal
Data,0,record,timestamp,1746357793000,ms,heart_rate,100,bpm,calories,405,kcal
Data,0,record,timestamp,1746357794000,ms,heart_rate,92,bpm,calories,405,kcal
Data,0,record,timestamp,1746357798000,ms,heart_rate,101,bpm,calories,405,kcal
Data,0,record,timestamp,1746357799000,ms,heart_rate,105,bpm,calories,405,kcal
Data,0,record,timestamp,1746357803000,ms,heart_rate,103,bpm,calories,406,kcal
Data,0,record,timestamp,1746357804000,ms,heart_rate,113,bpm,calories,406,kcal
Data,0,record,timestamp,1746357808000,ms,heart_rate,94,bpm,calories,406,kcal
Data,0,record,timestamp,1746357809000,ms,heart_rate,118,bpm,calories,407,kcal
Data,0,record,timestamp,1746357813000,ms,heart_rate,97,bpm,calories,407,kcal
Data,0,record,timestamp,1746357814000,ms,heart_rate,126,bpm,calories,407,kcal
Data,0,record,timestamp,1746357818000,ms,heart_rate,97,bpm,calories,408,kcal
Data,0,record,timestamp,1746357819000,ms,heart_rate,129,bpm,calories,408,kcal
Data,0,record,timestamp,1746357823000,ms,heart_rate,97,bpm,calories,408,kcal
Data,0,record,timestamp,1746357824000,ms,heart_rate,130,bpm,calories,409,kcal
Data,0,record,timestamp,1746357828000,ms,heart_rate,95,bpm,calories,409,kcal
Data,0,record,timestamp,1746357829000,ms,heart_rate,132,bpm,calories,409,kcal
Data,0,record,timestamp,1746357833000,ms,heart_rate,95,bpm,calories,410,kcal
Data,0,record,timestamp,1746357834000,ms,heart_rate,131,bpm,calories,410,kcal
Data,0,record,timestamp,1746357838000,ms,heart_rate,87,bpm,calories,410,kcal
Data,0,record,timestamp,1746357839000,ms,heart_rate,133,bpm,calories,410,kcal
Data,0,record,timestamp,1746357843000,ms,heart_rate,87,bpm,calories,411,kcal
Data,0,record,timestamp,1746357844000,ms,heart_rate,135,bpm,calories,411,kcal
Data,0,record,timestamp,1746357848000,ms,heart_rate,89,bpm,calories,412,kcal
Data,0,record,timestamp,1746357849000,ms,heart_rate,137,bpm,calories,412,kcal
Data,0,record,timestamp,1746357853000,ms,heart_rate,94,bpm,calories,412,kcal
Data,0,record,timestamp,1746357854000,ms,heart_rate,137,bpm,calories,412,kcal
Data,0,record,timestamp,1746357858000,ms,heart_rate,93,bpm,calories,413,kcal
Data,0,record,timestamp,1746357859000,ms,heart_rate,139,bpm,calories,413,kcal
Data,0,record,timestamp,1746357863000,ms,heart_rate,89,bpm,calories,414,kcal
Data,0,record,timestamp,1746357864000,ms,heart_rate,140,bpm,calories,414,kcal
Data,0,record,timestamp,1746357868000,ms,heart_rate,90,bpm,calories,414,kcal
Data,0,record,timestamp,1746357869000,ms,heart_rate,141,bpm,calories,414,kcal
Data,0,record,timestamp,1746357873000,ms,heart_rate,92,bpm,calories,415,kcal
Data,0,record,timestamp,1746357874000,ms,heart_rate,141,bpm,calories,415,kcal
Data,0,record,timestamp,1746357878000,ms,heart_rate,89,bpm,calories,415,kcal
Data,0,record,timestamp,1746357879000,ms,heart_rate,143,bpm,calories,416,kcal
Data,0,record,timestamp,1746357883000,ms,heart_rate,89,bpm,calories,416,kcal
Data,0,record,timestamp,1746357884000,ms,heart_rate,142,bpm,calories,416,kcal
Data,0,record,timestamp,1746357888000,ms,heart_rate,82,bpm,calories,417,kcal
Data,0,record,timestamp,1746357889000,ms,heart_rate,140,bpm,calories,417,kcal
Data,0,record,timestamp,1746357893000,ms,heart_rate,79,bpm,calories,417,kcal
Data,0,record,timestamp,1746357894000,ms,heart_rate,139,bpm,calories,417,kcal
Data,0,record,timestamp,1746357898000,ms,heart_rate,86,bpm,calories,418,kcal
Data,0,record,timestamp,1746357899000,ms,heart_rate,137,bpm,calories,418,kcal
Data,0,record,timestamp,1746357903000,ms,heart_rate,92,bpm,calories,419,kcal
Data,0,record,timestamp,1746357904000,ms,heart_rate,137,bpm,calories,419,kcal
Data,0,record,timestamp,1746357909000,ms,heart_rate,137,bpm,calories,419,kcal
Data,0,record,timestamp,1746357914000,ms,heart_rate,137,bpm,calories,420,kcal
Data,0,record,timestamp,1746357919000,ms,heart_rate,126,bpm,calories,421,kcal
Data,0,record,timestamp,1746357945000,ms,heart_rate,120,bpm,calories,424,kcal
Data,0,record,timestamp,1746357950000,ms,heart_rate,90,bpm,calories,425,kcal
Data,0,record,timestamp,1746357955000,ms,heart_rate,96,bpm,calories,425,kcal
Data,0,record,timestamp,1746357960000,ms,heart_rate,102,bpm,calories,426,kcal
Data,0,record,timestamp,1746357965000,ms,heart_rate,109,bpm,calories,427,kcal
Data,0,record,timestamp,1746357970000,ms,heart_rate,119,bpm,calories,427,kcal
Data,0,record,timestamp,1746357975000,ms,heart_rate,124,bpm,calories,428,kcal
Data,0,record,timestamp,1746357980000,ms,heart_rate,126,bpm,calories,428,kcal
Data,0,record,timestamp,1746357985000,ms,heart_rate,129,bpm,calories,429,kcal
Data,0,record,timestamp,1746357990000,ms,heart_rate,135,bpm,calories,430,kcal
Data,0,record,timestamp,1746357995000,ms,heart_rate,137,bpm,calories,430,kcal
Data,0,record,timestamp,1746358000000,ms,heart_rate,137,bpm,calories,431,kcal
Data,0,record,timestamp,1746358005000,ms,heart_rate,138,bpm,calories,432,kcal
Data,0,record,timestamp,1746358010000,ms,heart_rate,138,bpm,calories,432,kcal
Data,0,record,timestamp,1746358015000,ms,heart_rate,140,bpm,calories,433,kcal
Data,0,record,timestamp,1746358020000,ms,heart_rate,142,bpm,calories,434,kcal
Data,0,record,timestamp,1746358025000,ms,heart_rate,143,bpm,calories,434,kcal
Data,0,record,timestamp,1746358030000,ms,heart_rate,144,bpm,calories,435,kcal
Data,0,record,timestamp,1746358035000,ms,heart_rate,141,bpm,calories,436,kcal
Data,0,record,timestamp,1746358040000,ms,heart_rate,144,bpm,calories,436,kcal
Data,0,record,timestamp,1746358045000,ms,heart_rate,143,bpm,calories,437,kcal
Data,0,record,timestamp,1746358050000,ms,heart_rate,142,bpm,calories,437,kcal
Data,0,record,timestamp,1746358055000,ms,heart_rate,143,bpm,calories,438,kcal
Data,0,record,timestamp,1746358060000,ms,heart_rate,144,bpm,calories,439,kcal
Data,0,record,timestamp,1746358065000,ms,heart_rate,83,bpm,calories,439,kcal
Data,0,record,timestamp,1746358070000,ms,heart_rate,86,bpm,calories,440,kcal
Data,0,record,timestamp,1746358075000,ms,heart_rate,93,bpm,calories,441,kcal
Data,0,record,timestamp,1746358080000,ms,heart_rate,100,bpm,calories,441,kcal
Data,0,record,timestamp,1746358085000,ms,heart_rate,109,bpm,calories,442,kcal
Data,0,record,timestamp,1746358090000,ms,heart_rate,114,bpm,calories,443,kcal
Data,0,record,timestamp,1746358095000,ms,heart_rate,115,bpm,calories,443,kcal
Data,0,record,timestamp,1746358100000,ms,heart_rate,118,bpm,calories,444,kcal
Data,0,record,timestamp,1746358105000,ms,heart_rate,121,bpm,calories,444,kcal
Data,0,record,timestamp,1746358110000,ms,heart_rate,127,bpm,calories,445,kcal
Data,0,record,timestamp,1746358115000,ms,heart_rate,127,bpm,calories,446,kcal
Data,0,record,timestamp,1746358120000,ms,heart_rate,130,bpm,calories,446,kcal
Data,0,record,timestamp,1746358125000,ms,heart_rate,129,bpm,calories,447,kcal
Data,0,record,timestamp,1746358130000,ms,heart_rate,124,bpm,calories,448,kcal
Data,0,record,timestamp,1746358135000,ms,heart_rate,128,bpm,calories,448,kcal
Data,0,record,timestamp,1746358140000,ms,heart_rate,131,bpm,calories,449,kcal
Data,0,record,timestamp,1746358145000,ms,heart_rate,129,bpm,calories,450,kcal
Data,0,record,timestamp,1746358150000,ms,heart_rate,132,bpm,calories,450,kcal
Data,0,record,timestamp,1746358155000,ms,heart_rate,132,bpm,calories,451,kcal
Data,0,record,timestamp,1746358160000,ms,heart_rate,135,bpm,calories,452,kcal
Data,0,record,timestamp,1746358165000,ms,heart_rate,139,bpm,calories,452,kcal
Data,0,record,timestamp,1746358170000,ms,heart_rate,140,bpm,calories,453,kcal
Data,0,record,timestamp,1746358175000,ms,heart_rate,141,bpm,calories,453,kcal
Data,0,record,timestamp,1746358180000,ms,heart_rate,140,bpm,calories,454,kcal
Data,0,record,timestamp,1746358365000,ms,heart_rate,138,bpm,calories,478,kcal
Data,0,record,timestamp,1746358370000,ms,heart_rate,136,bpm,calories,478,kcal
Data,0,record,timestamp,1746358375000,ms,heart_rate,131,bpm,calories,479,kcal
Data,0,record,timestamp,1746358380000,ms,heart_rate,124,bpm,calories,480,kcal
Data,0,record,timestamp,1746358385000,ms,heart_rate,112,bpm,calories,480,kcal
Data,0,record,timestamp,1746358390000,ms,heart_rate,109,bpm,calories,481,kcal
Data,0,record,timestamp,1746358395000,ms,heart_rate,107,bpm,calories,482,kcal
Data,0,record,timestamp,1746358400000,ms,heart_rate,102,bpm,calories,482,kcal
Data,0,record,timestamp,1746358405000,ms,heart_rate,98,bpm,calories,483,kcal
Data,0,record,timestamp,1746358410000,ms,heart_rate,85,bpm,calories,484,kcal
Data,0,record,timestamp,1746358415000,ms,heart_rate,69,bpm,calories,484,kcal
Data,0,record,timestamp,1746358420000,ms,heart_rate,76,bpm,calories,485,kcal
Data,0,record,timestamp,1746358425000,ms,heart_rate,81,bpm,calories,485,kcal
Data,0,record,timestamp,1746358430000,ms,heart_rate,78,bpm,calories,486,kcal
Data,0,record,timestamp,1746358435000,ms,heart_rate,67,bpm,calories,487,kcal
Data,0,record,timestamp,1746358440000,ms,heart_rate,69,bpm,calories,487,kcal
Data,0,record,timestamp,1746358445000,ms,heart_rate,69,bpm,calories,488,kcal
Data,0,record,timestamp,1746358450000,ms,heart_rate,74,bpm,calories,489,kcal
Data,0,record,timestamp,1746358455000,ms,heart_rate,77,bpm,calories,489,kcal
Data,0,record,timestamp,1746358460000,ms,heart_rate,80,bpm,calories,490,kcal
Data,0,record,timestamp,1746358465000,ms,heart_rate,78,bpm,calories,491,kcal
Data,0,record,timestamp,1746358470000,ms,heart_rate,82,bpm,calories,491,kcal
Data,0,record,timestamp,1746358475000,ms,heart_rate,84,bpm,calories,492,kcal
Data,0,record,timestamp,1746358480000,ms,heart_rate,85,bpm,calories,492,kcal
Data,0,record,timestamp,1746358485000,ms,heart_rate,91,bpm,calories,493,kcal
Data,0,record,timestamp,1746358490000,ms,heart_rate,81,bpm,calories,494,kcal
Data,0,record,timestamp,1746358495000,ms,heart_rate,76,bpm,calories,494,kcal
Definition,0,session,timestamp,4,bytes,start_time,4,bytes,sport,1,bytes,sub_sport,1,bytes,total_elapsed_time,4,bytes,total_distance,4,bytes,total_calories,2,bytes
Data,0,session,timestamp,1746360004000,ms,start_time,1746354628000,ms,sport,5,,sub_sport,17,,total_elapsed_time,5376.0,s,total_distance,2000.0,m,total_calories,688,kcal
Definition,0,activity,timestamp,4,bytes,num_sessions,2,bytes
Data,0,activity,timestamp,1746360004000,ms,num_sessions,1,
